LOAN_ID,BROWERRER_ID,FIRST_NAME,LAST_NAME,DOB,PHONE_NO,EMAIL,PAN_ID,LOAN_TYPE,LOAN_TERM_MONTH,LOAN_AMOUNT,START_DATE,END_DATE,TOTAL_REPAYMENTS,COMPLETED_REPAYMENTS,TIMELY_PAYMENT,LOAN_STATUS,Interest Rate
L00001,B00001,Jerome,Barnett,26-01-1989,3947120758,libero.dui.nec@outlook.couk,CYU63GZH6GO,Students Loans,123,8363805,13-09-2015,01-07-2026,90,35,29,Performing,5
L00002,B00002,Cherokee,Hartman,13-02-1989,3121318937,lacus.nulla.tincidunt@google.edu,RUE23OMY6EC,Personal Loans,136,8719522,10-01-2015,02-12-2027,89,43,41,Overdue,8
L00003,B00003,Sandra,Love,04-09-1988,9387882934,justo.nec@google.com,WYM31RXM3DU,Auto loans,93,988559,28-10-2020,08-08-2028,28,48,28,Default,8
L00004,B00004,Kellie,Morse,17-05-1981,9371279634,nunc.quisque@google.com,NSH18MFA1UO,Home Loans,109,2283247,24-04-2016,25-05-2025,82,22,12,Performing,8
L00005,B00005,Hilda,Mason,28-10-1985,6318076071,libero.proin@yahoo.net,FEL38KOR3JR,Students Loans,96,9901881,06-05-2018,06-10-2026,57,43,34,Late,6
L00006,B00006,Caleb,Mcintosh,30-12-1981,9967576217,aliquam.nisl@google.edu,SHH95AIR4YE,Business loans,163,503057,02-06-2012,10-02-2025,133,9,7,Default,7
L00007,B00007,Noelle,James,05-11-1983,2587632690,arcu.vel@google.couk,IDR69ZOU4MY,Personal Loans,183,855241,04-05-2012,20-07-2027,131,43,30,Overdue,10
L00008,B00008,Fletcher,Reed,17-01-1985,1477956935,taciti.sociosqu@yahoo.net,QDY95QKL0KK,Students Loans,58,7100184,23-02-2021,31-12-2025,24,19,19,Overdue,9
L00009,B00009,Imelda,Sutton,02-11-1982,6951578879,dolor.tempus.non@yahoo.net,RYB61LHE4IM,Auto loans,153,7242826,24-01-2014,13-11-2026,109,56,48,Late,8
L00010,B00010,Tanner,Kent,08-12-1980,6176585577,neque.in@outlook.com,ROE96YMZ6NB,Students Loans,199,8381988,18-08-2013,20-03-2030,114,56,49,Performing,7
L00011,B00011,Boris,Conner,12-01-1991,8569456237,bserrano@example.net,XBAHG7781I,Auto loans,136,7152014,30-09-2013,02-12-2025,113,14,9,Default,6
L00012,B00012,Clio,Mathews,10-10-1996,6757822542,chad56@example.net,SOSOG2811V,Students Loans,224,9767856,17-04-2011,01-10-2030,142,3,3,Default,7
L00013,B00013,Jackeline,Bailey,15-12-1954,6165412584,wpalmer@example.net,AWJQO3835I,Auto loans,45,3547822,13-05-2022,19-02-2026,10,48,10,Performing,9
L00014,B00014,Harvey,Reynolds,09-01-1970,6562883781,bairdaustin@example.net,QMIGM3389U,Auto loans,83,1287860,21-04-2018,15-04-2025,58,20,17,Default,8
L00015,B00015,Cheryl,Rosario,17-11-1954,6825186583,janicesmith@example.com,JUNHK9203B,Home Loans,216,5886100,20-05-2012,13-06-2030,129,22,19,Performing,9
L00016,B00016,Carmella,Edwards,16-02-1947,9684671553,roy72@example.net,XXFFC6830B,Students Loans,75,1995595,16-04-2021,22-07-2027,22,44,22,Overdue,8
L00017,B00017,Chad,Alldridge,12-10-1946,9934284756,lancedunn@example.net,TKKUX2978X,Home Loans,210,1667844,21-10-2010,30-04-2028,148,40,32,Performing,10
L00018,B00018,Aleksandra,Whinter,11-12-1980,7142268888,pschmidt@example.net,ZKHKK5444T,Personal Loans,105,7430546,22-03-2019,01-05-2028,47,53,35,Default,6
L00019,B00019,Denis,Mcleod,25-12-1945,8388287161,xclark@example.com,HLHDX1346W,Students Loans,210,3978387,09-01-2011,03-04-2029,138,41,31,Default,7
L00020,B00020,Maia,Walker,09-08-1972,9954387343,meyertheresa@example.com,APOYS2158K,Business loans,75,5471532,22-11-2020,25-02-2027,27,8,5,Overdue,8
L00021,B00021,Mandy,Oswald,06-11-1987,8337236578,christopher79@example.org,LFCIL5016Y,Students Loans,143,2840793,09-05-2017,21-08-2029,66,36,22,Performing,7
L00022,B00022,Mark,Willis,13-03-1968,6334644721,sherylcooper@example.com,DLZBY1817E,Auto loans,191,4862402,14-11-2014,30-10-2030,99,20,10,Performing,8
L00023,B00023,Hayden,Exton,01-12-1951,8846497527,ambermckinney@example.org,BPGAG6156J,Home Loans,183,481791,10-10-2013,02-06-2029,113,25,19,Performing,9
L00024,B00024,Vivien,Jones,15-08-1976,9553474992,cynthiamurphy@example.net,LOFKU3368J,Business loans,207,6223208,12-08-2011,13-03-2029,135,6,5,Overdue,9
L00025,B00025,Warren,Raymond,29-11-1971,6614778886,james99@example.com,DYURY6983K,Home Loans,86,3177797,30-12-2021,25-03-2029,14,24,14,Overdue,6
L00026,B00026,Caleb,Connell,21-03-1988,9998989758,fdavis@example.net,LRNIL9441T,Students Loans,178,4618245,16-10-2012,20-08-2027,124,29,27,Overdue,9
L00027,B00027,Hammett,Robles,07-04-1964,7948572443,tthompson@example.org,YCJML0032J,Auto loans,123,8061622,08-02-2014,11-02-2024,103,31,21,Overdue,7
L00028,B00028,Paula,Pollard,02-08-1956,9226237297,wilsontimothy@example.org,JFOMT2209A,Personal Loans,74,6810872,26-08-2021,26-10-2027,18,58,18,Late,8
L00029,B00029,Nick,Reid,16-09-1954,9739723348,gerald34@example.net,HRWZD8099M,Students Loans,164,6604336,31-07-2011,31-03-2025,139,39,26,Late,9
L00030,B00030,Callie,Garner,30-03-1949,9767427528,kcook@example.org,ZXMCK8055A,Business loans,122,8681390,13-09-2014,12-12-2024,102,63,41,Overdue,7
L00031,B00031,Tess,Roberts,15-07-1988,7277473668,awashington@example.com,VXXVL0968T,Personal Loans,136,7547644,03-02-2016,27-07-2027,84,12,11,Overdue,7
L00032,B00032,Julius,Wright,23-01-1998,6753375746,hlittle@example.org,XATKF5494P,Personal Loans,76,7316054,01-12-2021,06-08-2027,26,42,22,Performing,9
L00033,B00033,Carl,Tanner,16-08-1998,9889283627,lindsay18@example.com,TKRIO9328R,Personal Loans,152,227812,26-04-2014,19-01-2027,106,43,26,Late,7
L00034,B00034,Benjamin,Stone,08-07-1984,9354448891,aliciacosta@example.com,WWFCX4896T,Home Loans,160,4184361,28-11-2014,24-04-2028,99,3,3,Overdue,5
L00035,B00035,Ronan,Dillon,03-05-1948,9623263764,molly75@example.org,NFEKM4066L,Home Loans,72,2426001,07-10-2019,07-10-2025,44,6,3,Overdue,8
L00036,B00036,Regina,Stone ,16-01-1991,7379367322,jsmith@example.net,NBSTI3077N,Home Loans,177,1416607,12-12-2012,27-09-2027,123,58,35,Overdue,6
L00037,B00037,Nicholas,Lakey,05-05-1968,7481273385,lpatrick@example.net,OZWDF3953F,Home Loans,156,4325617,07-08-2013,25-07-2026,116,20,10,Default,8
L00038,B00038,Burke,Mason,12-04-1958,7144388743,torresvincent@example.org,LELMR2907S,Personal Loans,85,6197666,30-06-2021,16-08-2028,20,21,18,Overdue,6
L00039,B00039,Brad,Grey,25-09-1949,8473785334,kimberly11@example.com,KSUEY5179F,Personal Loans,114,2664524,06-02-2016,26-12-2025,81,45,31,Late,9
L00040,B00040,Mina,Skinner,09-02-1959,6747485327,leblancerica@example.org,FRZOU3992P,Home Loans,82,4160295,12-11-2018,29-10-2025,51,25,25,Performing,10
L00041,B00041,Lucas,Eagle,03-09-1968,7123738882,mark10@example.org,AJZMG9781K,Business loans,150,3470309,21-12-2017,07-04-2030,62,14,14,Performing,7
L00042,B00042,Rosemary,Newman,15-12-1965,9763265995,taylorgordon@example.net,SDDHK5595S,Home Loans,190,3021862,21-09-2013,08-02-2029,113,81,48,Overdue,6
L00043,B00043,Lara,Durrant,11-03-1961,9546676653,itrevino@example.net,FFQHR4984X,Business loans,121,1378319,10-09-2019,16-11-2029,41,61,41,Performing,9
L00044,B00044,Rebecca,Parker,30-08-1950,9588488335,anthonybarton@example.org,RRJQF9696V,Auto loans,218,7668228,15-12-2010,17-02-2029,146,21,11,Default,9
L00045,B00045,Kirby,Wright,30-06-1990,7787744123,craig17@example.org,IRZKX9638C,Business loans,80,2320864,31-12-2021,09-04-2028,14,15,12,Late,9
L00046,B00046,Marina,Warner,04-06-1997,6285257555,parksrachel@example.net,NROOK5544F,Personal Loans,189,6815065,06-05-2014,03-08-2030,105,51,28,Late,9
L00047,B00047,Doris,John,13-08-2000,6865177224,anitaowens@example.net,IZFJO6368M,Auto loans,230,8281696,13-04-2011,07-02-2030,143,35,23,Default,6
L00048,B00048,Goldie,Flack,12-10-1984,7544642415,ericahahn@example.com,YLPUU8777E,Home Loans,228,6256558,22-11-2010,18-12-2029,147,54,47,Default,6
L00049,B00049,Rihanna,Bishop,29-09-1985,7231575623,amandajohnson@example.net,PLTXA9729M,Business loans,174,7187070,02-04-2013,27-08-2027,121,17,11,Default,7
L00050,B00050,Mason,Pickett,30-04-1948,9619941545,elizabeth43@example.org,XFNNF9343R,Personal Loans,159,2610629,29-04-2017,25-08-2030,70,86,48,Overdue,6
L00051,B00051,Paki,Maynard,26-01-1963,9867218785,stephanie71@example.org,NQSRU0888H,Personal Loans,168,996601,29-09-2013,30-09-2027,113,18,17,Default,9
L00052,B00052,Maxwell,Willson,23-10-1953,9368768255,sarameyers@example.com,DCTOG0040J,Students Loans,153,7290309,24-06-2016,26-03-2029,80,54,41,Late,7
L00053,B00053,Jillian,Henson,09-10-2001,9445516693,jeffreyjohnson@example.net,AVHLO5288H,Students Loans,76,3061492,07-12-2021,28-11-2027,20,56,20,Overdue,8
L00054,B00054,Ayanna,Coffey,20-04-1982,9388456139,bdeleon@example.com,DEPQH9002Z,Home Loans,209,2013747,07-03-2013,17-12-2030,116,1,1,Overdue,5
L00055,B00055,Len,Vasquez,03-11-1992,9832516574,michael70@example.com,JWLTH7384D,Students Loans,187,7272994,04-06-2012,30-11-2027,131,59,33,Late,6
L00056,B00056,Daron,Hepburn,18-07-1957,6958253675,ericamatthews@example.com,THBUV1531A,Home Loans,139,3508987,08-03-2017,03-05-2029,67,8,5,Default,9
L00057,B00057,Lynn,Curtis,24-12-1969,9265368883,samuelgamble@example.org,KSSFG6858H,Students Loans,180,5697934,14-07-2012,19-07-2027,127,32,26,Default,10
L00058,B00058,Helen,Montgomery,27-08-1977,7597547642,cassandra88@example.net,FCCHJ9621E,Home Loans,65,765888,19-02-2022,31-07-2027,12,36,12,Performing,6
L00059,B00059,Abbey,Snow,22-05-1957,7896853314,campbelljames@example.org,QBCNF4300Z,Students Loans,117,6088733,03-08-2016,01-01-2026,84,55,31,Default,6
L00060,B00060,Cattell,New York,09-06-1978,9136248567,xkirk@example.org,AENKC0063B,Business loans,183,650468,31-08-2014,27-12-2029,102,21,18,Late,7
L00061,B00061,Larkin,Milwaukee,11-03-1968,9587431642,vasquezheather@example.com,JHRSZ4877J,Personal Loans,114,3755114,28-01-2018,08-05-2027,61,17,11,Late,7
L00062,B00062,Maxwell,Berna,31-01-1947,9729323857,catherine97@example.com,OANVC1050W,Auto loans,199,9289805,15-02-2014,16-09-2030,108,38,20,Default,7
L00063,B00063,Yoman,Madrid,19-02-2004,6247214511,brandon10@example.com,SZORD4890L,Personal Loans,132,7899719,22-09-2018,24-09-2029,53,69,46,Overdue,6
L00064,B00064,Wills,Tulsa,01-12-1961,9535648226,rogersamber@example.org,QLGCE2082D,Home Loans,212,4549007,05-06-2010,01-10-2028,154,22,19,Performing,10
L00065,B00065,Cork,Denver,06-10-1978,8825836294,meaganbailey@example.net,YDOUQ4456K,Business loans,34,2834287,22-02-2022,01-01-2025,12,66,12,Overdue,10
L00066,B00066,Poole,Tokyo,18-12-1989,8486688846,melissalindsey@example.org,XRCDS4421N,Home Loans,71,8338223,11-08-2020,11-02-2026,28,11,10,Default,9
L00067,B00067,Oatway,Bakersfield,30-06-1967,9759438448,mary44@example.com,ATLRV7523X,Business loans,93,4228212,12-06-2018,09-12-2026,51,54,34,Default,7
L00068,B00068,Landry,Okpoko,31-10-1991,8426866812,carrolltheresa@example.org,IFGGE2694R,Auto loans,93,8526620,03-04-2023,12-12-2030,0,42,0,Overdue,9
L00069,B00069,Pearson,New York,01-03-1968,8214373384,zhudson@example.org,WMDKL9520T,Personal Loans,95,841727,10-02-2017,23-09-2025,65,43,27,Performing,7
L00070,B00070,Rowe,Anaheim,23-12-1968,6933536183,walkersteven@example.org,YEBGM1368O,Business loans,202,7280233,05-07-2011,28-03-2028,142,33,30,Performing,10
L00071,B00071,Devonport,Jacksonville,04-10-1951,6822478752,amandamcfarland@example.net,GTKER3556X,Home Loans,210,4623424,05-08-2013,14-11-2030,118,46,39,Performing,7
L00072,B00072,Nobbs,El Paso,01-07-2001,7932482635,francisco38@example.org,CPLQD7532J,Personal Loans,61,591436,24-10-2021,12-04-2026,16,59,16,Overdue,10
L00073,B00073,Cooper,New York,06-05-1981,6323418755,brownleah@example.net,ETEZT2865D,Auto loans,149,9917990,23-09-2014,03-02-2027,101,47,41,Overdue,9
L00074,B00074,York,Rome,16-02-1992,9188294162,cmccann@example.org,WHSMD9174D,Students Loans,69,6079603,06-12-2019,16-03-2025,45,1,1,Late,5
L00075,B00075,Powell,Columbus,10-02-1993,7753233286,beardlaura@example.net,GVPZN2856P,Auto loans,74,1592741,01-07-2022,18-03-2028,14,38,14,Overdue,8
L00076,B00076,Nicholson,Scena/Schenna,24-11-1991,7187598282,henrynatalie@example.org,WYSWN1314L,Personal Loans,192,156196,22-03-2011,16-04-2027,143,31,30,Default,5
L00077,B00077,Barrett,Bellevue,15-06-2002,9196453921,tanyawheeler@example.com,LBLDQ6876N,Auto loans,27,2087185,23-09-2022,01-04-2025,5,44,5,Default,8
L00078,B00078,Warden,Memphis,16-01-1996,8673482258,joshua53@example.com,AESJF9747F,Personal Loans,134,3289577,25-12-2017,16-03-2029,62,55,36,Default,5
L00079,B00079,Diaz,Calamba,13-04-1994,9497733242,alyssajenkins@example.net,DOBJR7108U,Auto loans,194,2776920,13-07-2010,23-09-2026,152,23,15,Late,8
L00080,B00080,Farrant,London,21-04-2001,7877197632,mosstara@example.org,GJXYU6347X,Home Loans,97,5563808,29-06-2021,08-05-2029,20,52,20,Overdue,7
L00081,B00081,Dubois,New Orleans,18-05-1960,9665875734,qlee@example.com,PIJQH4821L,Business loans,87,6286044,23-08-2017,22-12-2024,66,16,9,Performing,8
L00082,B00082,Lindsay,Chiclayo,19-06-2000,7294672338,hyoung@example.org,KPCJW8164Q,Auto loans,152,1504742,21-02-2014,25-10-2026,108,89,48,Default,5
L00083,B00083,Owen,Huntsville,11-12-1964,6754327592,laurengolden@example.com,DAUFK9417P,Business loans,85,1659009,23-12-2020,30-01-2028,26,51,26,Default,9
L00084,B00084,Victor,Las Vegas,10-03-1996,7577321262,pwilliams@example.org,WHQKU4926S,Students Loans,119,5075620,02-08-2015,02-03-2025,97,40,29,Late,10
L00085,B00085,Rigg,Berlin,10-04-1994,9646862824,smithchristine@example.org,NXEQN3242H,Auto loans,81,4101054,08-08-2018,22-05-2025,55,30,17,Overdue,5
L00086,B00086,Jones,Memphis,23-01-1973,6779744863,njones@example.org,BQMPY5643B,Home Loans,122,2348368,22-03-2017,30-05-2027,71,69,43,Late,8
L00087,B00087,Young,São Luís,02-10-1974,9123122317,uwilson@example.org,TPURN9088K,Business loans,194,3027151,11-10-2010,25-01-2027,148,9,6,Overdue,5
L00088,B00088,Amstead,Rochester,25-04-1945,9238457955,amy12@example.org,QRXDQ8265J,Auto loans,109,2245075,29-08-2020,13-10-2029,30,51,28,Performing,10
L00089,B00089,Pickard,Glendale,19-04-1947,6464646333,steven71@example.org,MHGVR9341J,Students Loans,119,755180,18-05-2015,05-12-2025,93,83,48,Default,8
L00090,B00090,Wall,Novgorod,01-02-1993,6987269334,ochoawanda@example.org,UICDH7093J,Business loans,169,4746431,27-12-2013,22-02-2028,110,49,42,Default,9
L00091,B00091,House,Ribeirão Preto,10-09-1986,8582654732,mccannmark@example.org,GYJNG0248A,Students Loans,201,8445175,17-08-2011,24-05-2028,138,85,46,Overdue,8
L00092,B00092,Garcia,Milano,15-10-1991,6657273676,mcgeekaren@example.org,IEMVQ9264P,Business loans,158,2686530,05-02-2014,22-07-2027,106,54,49,Late,9
L00093,B00093,Cattell,Louisville,28-12-1945,9746617436,jacksonbreanna@example.org,FUTFG5671D,Students Loans,69,2619640,25-06-2020,18-04-2026,32,3,2,Default,9
L00094,B00094,Montgomery,Logroño,11-08-1987,8325865648,obriensandra@example.com,ULKJC4377C,Students Loans,215,7520645,23-04-2011,27-03-2029,142,41,40,Default,9
L00095,B00095,Ingham,San Jose,16-10-1982,9723761962,priscilla67@example.net,DAMMC9567Y,Auto loans,132,7867142,19-04-2014,05-03-2025,106,24,22,Performing,8
L00096,B00096,Atkinson,Berna,27-01-1952,9132478151,robinsonderrick@example.org,KFQUQ7544C,Home Loans,95,2247395,28-06-2017,29-05-2025,68,28,17,Performing,8
L00097,B00097,Mcmillan,Guizhou,30-03-1976,7735767125,brandon48@example.org,HZEXK4600R,Business loans,150,4943149,01-01-2014,20-07-2026,110,47,33,Default,9
L00098,B00098,Marshall,Philadelphia,05-07-1978,8454477494,kylewilson@example.net,KTSVE7289G,Home Loans,117,2652644,27-04-2018,25-02-2028,58,21,15,Overdue,5
L00099,B00099,Torres,Schagen,28-01-1975,6251752574,xmorgan@example.org,TXSTQ8196V,Students Loans,134,5659629,02-03-2015,15-04-2026,97,46,46,Default,9
L00100,B00100,Khan,Louisville,29-07-1981,6794441293,ginaleon@example.net,VQNXD6751A,Students Loans,102,2405045,07-02-2020,24-01-2029,32,47,32,Overdue,6
L00101,B00101,Furnell,New Orleans,08-12-1955,7337564316,gwillis@example.org,CSOEA8407B,Personal Loans,239,9869742,01-05-2011,17-12-2030,146,17,15,Performing,10
L00102,B00102,Stewart,Berna,09-11-1951,7862229828,icarter@example.net,AXBDE6980V,Business loans,133,431072,11-05-2018,15-12-2029,52,28,26,Default,7
L00103,B00103,Snow,Galway,17-06-1999,7254877948,michaelscott@example.org,REEUZ8091A,Home Loans,145,8641202,05-05-2018,06-06-2030,58,30,25,Default,6
L00104,B00104,Payne,Saint Paul,04-03-1953,6622823393,smiller@example.com,JJSKP4542P,Personal Loans,122,4518805,16-02-2020,24-04-2030,36,57,34,Default,9
L00105,B00105,Parsons,Amarillo,26-08-1965,9672475553,gary46@example.com,MHDAW1078G,Students Loans,133,8235871,10-03-2013,24-11-2024,113,55,29,Late,6
L00106,B00106,Mann,Santa Ana,08-09-1950,9894222633,lisa27@example.net,GLSIO1832O,Business loans,171,2478021,13-03-2012,17-06-2026,132,84,46,Overdue,9
L00107,B00107,Neal,Kaduna,13-07-1988,7863336258,rileyjacob@example.net,RBGQY0396H,Business loans,69,2556724,25-12-2022,19-10-2028,2,10,2,Overdue,7
L00108,B00108,Heaton,Lisbon,13-07-1965,9856558335,carolmaxwell@example.org,APANG1933R,Students Loans,177,3875569,10-12-2015,26-07-2030,89,44,39,Overdue,9
L00109,B00109,Sheldon,Huntsville,18-11-1959,7585993535,jessicagordon@example.com,LAYRV1186W,Business loans,139,3064650,10-12-2016,24-05-2028,77,81,48,Late,6
L00110,B00110,Zelenia,Patton,21-06-1993,6238261555,caroline97@example.org,DHOME9276X,Personal Loans,165,2714022,17-09-2012,20-06-2026,125,20,19,Overdue,9
L00111,B00111,Eagan,Horton,21-06-1986,2556614047,pellentesque.ut@icloud.ca,LVF85DGY6RH,LOAN_TYPE,102,233356,02-12-2020,09-12-2030,37,39,29,Performing,8
L00112,B00112,Simone,Clemons,02-08-1990,2884906490,et.magnis@outlook.com,VGS16XGI1UL,Students Loans,152,8577519,06-02-2018,26-05-2026,57,18,12,Default,6
L00113,B00113,Alexander,Hutchinson,22-04-1985,3290606504,ullamcorper.nisl@protonmail.ca,UJN42WAY4TB,Personal Loans,143,4750597,29-07-2017,07-10-2027,67,3,3,Overdue,6
L00114,B00114,Lila,Rodgers,21-04-1988,9183222641,ornare@google.org,UNI72LID6DP,Auto loans,184,3690409,01-08-2018,18-02-2025,62,38,33,Performing,7
L00115,B00115,Kyle,Powell,12-12-1981,5848362258,purus.ac@google.couk,QJL45BFV3ZF,Home Loans,77,4625044,30-06-2020,03-12-2026,32,28,22,Late,7
L00116,B00116,Myles,Quinn,28-03-1986,3506653092,tristique.senectus.et@outlook.net,NNI34QSV1MK,Students Loans,95,6312183,01-02-2019,06-11-2026,50,48,43,Performing,7
L00117,B00117,Noelani,Cobb,14-03-1981,3278218802,sed.dictum@google.ca,RJY48MVP9VU,Business loans,135,6625837,24-05-2021,29-07-2027,21,8,4,Default,9
L00118,B00118,Mufutau,Velasquez,14-08-1984,8802035510,semper.et.lacinia@icloud.net,FGL20SJX3DY,LOAN_TYPE,175,5870542,01-03-2018,28-05-2025,62,50,34,Overdue,7
L00119,B00119,Amal,Booth,17-02-1987,5426930857,natoque.penatibus.et@aol.org,BPD44PXC4QR,Students Loans,32,4000248,22-11-2022,18-03-2026,3,40,3,Performing,6
L00120,B00120,Illana,Gomez,21-04-1984,8963817433,semper.pretium@yahoo.org,AIB38FBD6SR,Personal Loans,97,7077643,27-09-2020,05-03-2027,29,8,8,Late,8
L00121,B00121,Jocelyn,Kelley,14-08-1980,9642196083,erat.semper@outlook.org,YBZ16SWT9GY,Auto loans,195,4656435,11-05-2013,15-02-2029,112,65,50,Performing,6
L00122,B00122,Yetta,Le,11-01-1987,2012016595,eget.lacus@yahoo.edu,XKQ89XUH4CE,Home Loans,64,6989920,27-10-2020,09-06-2025,28,27,17,Late,5
L00123,B00123,Kalia,Lane,16-02-1985,1245111897,massa.non@outlook.net,VYW42OUO7DP,Students Loans,189,1047347,01-11-2014,20-10-2028,110,35,30,Late,9
L00124,B00124,Adele,Vazquez,09-07-1984,4252852234,curabitur.sed.tortor@icloud.com,BHB67GBM2LJ,Business loans,59,5828611,06-09-2020,29-06-2025,33,19,16,Performing,7
L00125,B00125,Rudyard,Elliott,29-11-1982,2320551925,mauris@hotmail.couk,KQY63INQ3LS,Personal Loans,188,8416131,12-12-2018,31-03-2025,51,49,32,Late,6
L00126,B00126,Geoffrey,Weiss,29-10-1983,1853474767,sociis.natoque@google.com,OVH65YEH5XT,Students Loans,76,9148512,25-10-2017,23-10-2025,64,35,34,Performing,7
L00127,B00127,Kirk,Schmidt,08-11-1984,4310636339,ipsum.donec.sollicitudin@aol.edu,SCR65IZS8BU,Auto loans,64,3603771,25-09-2019,20-03-2026,41,55,41,Default,9
L00128,B00128,Xenos,Horton,05-12-1986,3600472294,non@aol.org,GJD88GQB4IL,Students Loans,192,5440956,13-04-2014,12-11-2024,107,39,26,Performing,7
L00129,B00129,Chase,Everett,18-05-1989,8550879853,eu@google.edu,BQY79AYS8NE,Auto loans,33,2382587,21-03-2021,14-02-2029,23,44,23,Overdue,8
L00130,B00130,Zahir,Watson,25-01-1989,4862925870,orci.ut.sagittis@outlook.org,HGC47SXG3SY,Students Loans,67,9680687,20-09-2018,10-05-2026,53,54,28,Performing,7
L00131,B00131,Constance,Gibson,05-05-1988,8998366497,odio@icloud.edu,PVM12MUZ5XB,Auto loans,149,1319654,19-04-2017,22-06-2025,70,3,2,Late,8
L00132,B00132,Quamar,Caldwell,07-04-1982,3978633028,mauris@hotmail.com,SPK84WXW4NB,Auto loans,144,8232918,16-10-2011,27-07-2026,136,6,3,Overdue,8
L00133,B00133,Timothy,Vaughan,25-07-1985,1320748125,facilisis.lorem@protonmail.org,KJL12PSY5VO,Home Loans,54,4771689,13-12-2022,20-12-2025,3,53,3,Overdue,9
L00134,B00134,Vielka,Figueroa,08-05-1980,5651270051,dolor.dapibus@outlook.net,FBU97KEK8SM,Students Loans,147,530538,28-02-2013,25-01-2030,120,34,28,Overdue,9
L00135,B00135,Herman,Lloyd,17-12-1983,5794951646,sociosqu.ad@icloud.org,AXM03YRS7MQ,Home Loans,100,3428029,12-11-2018,31-03-2030,51,65,43,Overdue,9
L00136,B00136,Kamal,Guy,27-07-1989,8242988370,suspendisse.eleifend@hotmail.org,BIL72BVW9OW,Personal Loans,141,5836581,29-12-2018,09-02-2025,50,41,40,Overdue,5
L00137,B00137,Quinn,Slater,15-04-1982,9825697251,lectus@protonmail.org,YVR83XGK6GJ,Students Loans,177,9529868,26-02-2016,24-12-2027,84,15,12,Late,5
L00138,B00138,Amal,Holloway,27-07-1984,1068038155,eget.magna@icloud.ca,QSM55KDD4GF,Business loans,96,5264947,03-06-2017,30-06-2028,72,26,21,Default,7
L00139,B00139,Jayme,Estrada,20-08-1985,3466614527,nec@google.edu,GYL86OIU4MC,Students Loans,170,4112640,11-04-2020,21-05-2027,28,4,3,Default,5
L00140,B00140,Robert,Kirkland,24-01-1986,8035712346,vitae.erat@outlook.net,PXQ85UIV9HV,Auto loans,171,9903010,16-09-2012,24-09-2025,125,9,5,Default,6
L00141,B00141,Marcia,Kline,17-11-1983,6837528527,hendrerit.neque@icloud.edu,NJX53JUD2NI,Home Loans,156,8546960,26-04-2012,18-04-2030,130,83,43,Late,8
L00142,B00142,Avram,Rodriquez,28-01-1989,6577085251,mauris.id.sapien@outlook.org,QYX64SRO7WG,Business loans,171,6517548,27-04-2019,18-04-2025,46,8,6,Late,9
L00143,B00143,Lacota,Hester,06-02-1982,9507837442,aliquam.nec@yahoo.org,OOS12CQE9VK,Home Loans,184,1256733,24-04-2014,18-09-2025,106,50,34,Overdue,8
L00144,B00144,Noble,Flynn,16-08-1982,8141808918,est.congue.a@outlook.edu,OGB06AKL6OJ,Students Loans,179,1019858,11-03-2014,13-10-2025,100,6,5,Default,8
L00145,B00145,Sebastian,Atkins,27-04-1983,4837823667,magna.phasellus.dolor@yahoo.org,OGX41HPJ1SD,Auto loans,185,8439729,22-09-2021,04-06-2029,17,82,17,Overdue,10
L00146,B00146,Riley,Cantrell,03-10-1986,8506175357,orci.luctus.et@google.edu,BYI56PYS4MB,Personal Loans,140,4401063,19-08-2011,23-12-2026,138,51,33,Default,6
L00147,B00147,Madonna,Rivers,30-10-1987,4372405500,eros.nam@outlook.couk,WLK33BCX1BA,Students Loans,108,7184535,13-03-2015,30-11-2030,96,42,23,Late,9
L00148,B00148,Yuri,Lewis,12-04-1986,6267302388,praesent.eu@hotmail.couk,DLN44PFV6BK,Business loans,154,2107629,03-01-2011,15-09-2027,144,19,17,Default,8
L00149,B00149,Nash,Leon,16-07-1986,1807211389,magnis.dis@google.org,OGL52KSX3OS,Personal Loans,161,7745616,25-11-2011,02-07-2030,135,11,9,Overdue,7
L00150,B00150,Murphy,Ramsey,20-05-1985,6972327727,magna@icloud.couk,WWL55JGF4JR,Personal Loans,113,3417324,04-09-2022,11-09-2030,11,57,11,Performing,5
L00151,B00151,Claire,Figueroa,14-04-1987,5640562523,eget@outlook.edu,IFH38BRU9QZ,Personal Loans,145,9158975,10-05-2018,29-06-2029,53,52,34,Late,8
L00152,B00152,Suki,Jimenez,06-05-1989,5078209987,scelerisque.mollis@protonmail.net,VTY75INV3SY,Home Loans,161,8219616,01-12-2011,29-12-2028,146,56,41,Default,7
L00153,B00153,Signe,Clark,17-08-1982,7756122927,velit.justo@icloud.edu,GEZ48RIW2WK,Home Loans,67,5230750,08-10-2021,23-03-2025,19,5,5,Late,6
L00154,B00154,Craig,Page,09-12-1982,4517377867,vehicula.et.rutrum@hotmail.edu,QYB31YTA6GN,Home Loans,189,4602558,10-06-2011,16-09-2027,137,24,13,Performing,6
L00155,B00155,Alma,Wilson,04-01-1981,5240196140,suspendisse.dui.fusce@protonmail.couk,FYE45EOC3NS,Home Loans,38,8496374,16-05-2020,20-04-2026,33,54,33,Overdue,6
L00156,B00156,Scott,Schmidt,12-05-1989,1833595629,curabitur.vel.lectus@google.com,SBV77LHU8UL,Personal Loans,188,9190965,28-12-2010,18-09-2029,146,38,36,Overdue,5
L00157,B00157,Ria,Baldwin,20-12-1981,2933834546,mauris.a@google.net,TOC89SLC9VN,Personal Loans,149,7957797,23-05-2012,11-04-2025,129,48,47,Late,7
L00158,B00158,Joseph,Holden,08-12-1989,8585062877,tempor.est.ac@google.ca,WPD75MDV8EO,Home Loans,78,9867981,11-10-2016,22-03-2030,76,39,31,Default,9
L00159,B00159,Chester,Padilla,09-04-1983,3461486643,mollis.duis@aol.edu,YGV24PIL9IJ,Business loans,176,3254006,26-01-2016,07-10-2025,85,44,42,Late,6
L00160,B00160,Thane,Howe,02-02-1987,9894942860,et@hotmail.couk,MBG30RQI3TO,Home Loans,165,4334906,31-10-2013,08-12-2027,112,18,17,Default,9
L00161,B00161,Linus,Valentine,31-08-1986,1386200724,enim.nisl.elementum@hotmail.ca,USF84RFH5XI,Business loans,36,1188171,18-07-2021,10-04-2028,19,55,19,Overdue,6
L00162,B00162,John,Lowe,01-07-1986,9954279604,sapien.aenean@aol.net,LNF37INY5QF,Auto loans,28,453398,23-04-2021,08-10-2030,22,49,22,Overdue,7
L00163,B00163,Lane,Burgess,28-07-1988,1865595929,ac.orci.ut@hotmail.com,BHA18BCH1MW,Business loans,155,9839548,05-11-2020,12-02-2029,34,9,8,Performing,9
L00164,B00164,Allistair,Erickson,11-06-1980,2153326278,orci.tincidunt@outlook.org,YHV04BQS4PD,Personal Loans,189,3506221,19-09-2013,07-10-2028,113,59,36,Performing,8
L00165,B00165,Velma,Wise,18-06-1985,6941164031,auctor.ullamcorper@yahoo.org,CJT21XNH1UX,Auto loans,82,5750265,05-12-2018,31-10-2025,58,9,7,Late,6
L00166,B00166,Xenos,Ortega,22-06-1984,7097413695,sollicitudin.a@hotmail.net,EIN23RGR7RV,Home Loans,158,6936449,05-06-2016,06-08-2025,82,44,38,Performing,7
L00167,B00167,Zelenia,Kerr,22-06-1982,1918681724,dui.in@google.couk,IQM01VHO2JQ,Business loans,108,2486425,20-05-2021,30-01-2029,21,45,21,Performing,7
L00168,B00168,Ezra,Finch,11-01-1986,6005026509,gravida.mauris.ut@hotmail.net,MXE06RJS4ZD,Personal Loans,41,7202335,19-09-2019,20-01-2025,41,29,21,Overdue,7
L00169,B00169,Emmanuel,Medina,05-05-1989,2914490916,dignissim.lacus@hotmail.ca,DIP57PMC5DI,Personal Loans,174,9398102,08-01-2011,10-03-2027,139,41,31,Late,10
L00170,B00170,Bryar,Bowman,08-11-1982,1913537375,eu@outlook.com,BPP51VQV4YB,Students Loans,60,1526252,29-05-2019,09-11-2030,45,92,45,Performing,9
L00171,B00171,Melvin,Clements,09-12-1989,2383716503,dignissim@google.org,NSJ05QZM7MF,Students Loans,182,9922105,05-05-2016,19-06-2025,82,56,35,Overdue,9
L00172,B00172,Leilani,Dunlap,20-12-1986,7335647435,natoque.penatibus@yahoo.com,PMU83LPV3SL,Home Loans,192,7066602,14-12-2011,18-03-2030,134,55,29,Default,6
L00173,B00173,Tatyana,Grimes,15-07-1987,9600317831,vestibulum@google.net,VNO71LTL9DM,Students Loans,186,8010822,17-11-2022,21-08-2026,3,13,3,Default,6
L00174,B00174,Brooke,Vance,01-03-1987,1024405430,iaculis.odio.nam@icloud.com,IHP96TPQ9BC,Home Loans,169,4301126,01-03-2012,29-03-2030,134,20,11,Late,7
L00175,B00175,Benjamin,Thornton,14-06-1983,8963152901,vulputate.nisi.sem@yahoo.couk,MYY13OSL3NG,Students Loans,171,8960053,03-12-2016,27-06-2029,84,33,31,Late,7
L00176,B00176,Amena,Carey,08-11-1988,9035684305,nulla.integer@protonmail.org,VWO81TUQ1TW,Home Loans,185,9691081,06-10-2021,26-03-2025,21,48,21,Overdue,5
L00177,B00177,Zachary,Pacheco,01-03-1987,4412601403,duis.mi@hotmail.edu,LYS13COZ1YB,Students Loans,137,4005508,02-10-2015,19-02-2030,97,34,26,Default,10
L00178,B00178,Gannon,Kramer,02-09-1989,4897530744,nullam.feugiat.placerat@outlook.ca,RYT32XXJ7YO,Business loans,128,7890313,09-08-2014,04-10-2026,102,5,4,Performing,9
L00179,B00179,Felix,Roberts,05-03-1985,8623628661,tincidunt@protonmail.couk,CBR91UVH0PS,Personal Loans,143,4828504,22-06-2016,08-09-2027,80,36,31,Late,8
L00180,B00180,Jordan,Wood,18-10-1980,7201998143,nulla@protonmail.ca,NJP47GLG8UN,Auto loans,100,7729116,04-03-2016,24-05-2025,83,7,4,Late,8
L00181,B00181,Gwendolyn,Noble,30-03-1984,6400695984,sed.nulla.ante@icloud.edu,EMA32XWJ3RU,Personal Loans,100,9265559,19-09-2017,11-11-2027,65,23,22,Default,7
L00182,B00182,Martin,Bradley,25-05-1988,6722589930,ut.tincidunt@aol.couk,WOG42LTU1FM,Home Loans,175,4613258,14-10-2015,07-09-2030,88,18,11,Overdue,9
L00183,B00183,Amber,Garrett,11-07-1989,9113727978,dui@icloud.com,WLE44KSH2HT,Business loans,141,2710845,03-07-2020,24-10-2028,36,51,29,Default,9
L00184,B00184,Jack,Vincent,09-06-1982,8684909131,lacus.quisque@outlook.ca,PPC83GUX7WM,Home Loans,56,2854524,25-10-2018,22-12-2029,52,55,47,Overdue,5
L00185,B00185,Travis,Nash,16-10-1983,5515247755,metus.eu@outlook.couk,XRE33ONO8GF,Business loans,178,8307158,16-03-2014,07-04-2028,107,13,11,Overdue,7
L00186,B00186,Stuart,Newton,27-03-1984,6926357233,mauris.ut@outlook.couk,DTO62FCB8TI,Auto loans,177,6575030,28-04-2020,26-02-2025,34,25,18,Overdue,9
L00187,B00187,Chase,Chase,18-11-1980,3051359183,integer.id@protonmail.couk,EQE35JWL3KR,Personal Loans,132,4308355,26-05-2017,02-02-2025,69,21,16,Overdue,7
L00188,B00188,Steel,Fuller,23-11-1985,6635808652,vitae.erat.vel@icloud.org,UGK35AKT1KW,Business loans,122,3742369,09-07-2016,03-06-2030,78,44,42,Performing,9
L00189,B00189,Rajah,Clayton,04-05-1987,6666729933,vulputate.mauris@hotmail.edu,DES33FHY3ID,Home Loans,177,2015109,16-10-2020,19-06-2026,28,43,22,Default,8
L00190,B00190,Jaden,Henson,13-10-1980,7187736535,euismod@aol.net,QUC75LDS5CO,Personal Loans,132,6152168,28-05-2022,05-01-2028,9,35,9,Late,6
L00191,B00191,Karina,Stuart,01-09-1989,9920313573,massa.vestibulum.accumsan@icloud.org,EPU49DHY1IY,Auto loans,190,7558173,01-01-2018,28-10-2030,62,20,15,Default,10
L00192,B00192,Tashya,Ratliff,06-10-1980,4460203722,euismod.et@icloud.net,RJP84TGI6TO,Students Loans,96,5643976,28-08-2020,21-12-2030,30,33,30,Performing,7
L00193,B00193,Beatrice,Key,23-12-1988,5058622123,sit@yahoo.org,WOL22IPA9FJ,Auto loans,131,4601817,28-05-2012,10-09-2030,129,4,4,Overdue,6
L00194,B00194,Renee,Hull,17-12-1985,7984393259,dolor@icloud.ca,WJN39HUF2YB,Personal Loans,166,5790827,05-03-2011,08-06-2026,142,58,49,Default,6
L00195,B00195,Solomon,Kemp,20-09-1986,9731565299,vel.sapien@outlook.net,YNC76TGG4DW,Auto loans,169,9934988,16-04-2012,30-09-2027,130,29,26,Overdue,7
L00196,B00196,Wilma,Ingram,12-11-1988,4034735738,eget.mollis@yahoo.net,HFB25HKQ7NI,Personal Loans,146,2057795,10-07-2016,05-09-2030,77,2,2,Default,10
L00197,B00197,Alfonso,Nixon,01-05-1982,3102004854,enim@outlook.ca,BFU93DJQ7XP,Auto loans,118,1495836,28-11-2013,04-04-2029,111,39,37,Performing,8
L00198,B00198,Wynter,Gentry,24-06-1989,6146608896,nec@protonmail.couk,RFP29OOL7HF,Home Loans,162,8771643,28-06-2010,22-09-2030,152,56,46,Overdue,7
L00199,B00199,Kadeem,Massey,16-05-1986,4640262742,phasellus.ornare@aol.couk,UNX73POA8CT,Business loans,184,2270478,28-07-2012,15-05-2025,127,8,6,Overdue,6
L00200,B00200,Lyle,Douglas,31-01-1989,6598565163,donec.felis@outlook.couk,QFC79SJS2OB,Auto loans,179,6257808,22-02-2022,11-02-2024,12,39,12,Default,6
L00201,B00201,Patricia,Compton,02-03-1985,5284593277,mauris.magna@google.couk,BYH46TKK6GO,Business loans,181,6630399,25-09-2010,11-12-2026,149,52,48,Overdue,9
L00202,B00202,Noble,Lloyd,11-08-1982,9600436787,lectus.cum@icloud.net,VFG76WFX6KG,Students Loans,81,8523934,08-03-2018,06-05-2026,55,11,9,Performing,9
L00203,B00203,Iris,Garrison,08-01-1989,7832211418,lorem.auctor@icloud.com,NPI84KWS2MV,Auto loans,118,378398,12-08-2018,10-07-2030,51,88,50,Default,7
L00204,B00204,Lydia,Melton,10-11-1986,6821476002,phasellus.dapibus.quam@aol.couk,KUR61FCM3SD,Home Loans,115,392740,19-02-2019,08-08-2025,48,52,46,Late,6
L00205,B00205,Wesley,Hendricks,06-05-1980,9366561460,semper.auctor.mauris@yahoo.couk,YAU84SUJ4JY,Business loans,129,554495,01-11-2018,08-10-2025,62,12,7,Performing,10
L00206,B00206,Fleur,Young,29-04-1986,7315365411,ac@icloud.couk,JHY33EIX7HY,Auto loans,96,2621680,25-09-2021,27-03-2026,17,13,12,Performing,8
L00207,B00207,Marcia,Mccray,12-01-1986,3946298539,hendrerit.donec.porttitor@aol.ca,IRR12VRQ6KC,Students Loans,77,4477796,29-08-2018,16-10-2026,54,46,31,Late,8
L00208,B00208,Alden,Huff,15-09-1980,3364927101,sed.consequat@outlook.ca,TFC11BWG6CL,Business loans,156,2501678,07-06-2019,26-12-2030,44,14,14,Late,5
L00209,B00209,Leila,Hanson,23-07-1981,3558504037,primis.in@icloud.net,KUX14BLY4CV,Students Loans,97,4013030,29-09-2019,21-01-2030,41,19,15,Default,8
L00210,B00210,Vincent,Larsen,20-11-1984,5145815305,metus@hotmail.ca,VIU88SAG4FT,Business loans,165,9319341,06-06-2015,05-05-2030,93,24,23,Performing,9
L00211,B00211,Keith,Hopkins,27-11-1982,2520654883,magna@yahoo.ca,QWU49VVG7ZI,Students Loans,53,7240320,21-03-2020,23-05-2029,35,51,35,Late,9
L00212,B00212,Bree,Miles,05-03-1989,8156232000,nulla@hotmail.couk,EBL38IPM2QR,Students Loans,15,1844329,02-09-2022,31-01-2029,13,80,13,Overdue,8
L00213,B00213,Jarrod,House,02-08-1983,2996246507,integer@icloud.com,TYG30XLC5SW,Auto loans,196,8737151,12-09-2011,28-02-2029,135,43,38,Default,8
L00214,B00214,Madison,Burch,16-06-1984,5808200470,natoque.penatibus@aol.couk,OYJ88FOB1AG,Home Loans,179,2085327,18-05-2017,01-11-2030,69,48,45,Overdue,5
L00215,B00215,Ian,Grimes,07-11-1983,9147183008,nec.mauris.blandit@outlook.com,WVY54UMB8VC,Business loans,107,7890806,27-07-2020,11-03-2027,31,6,5,Performing,6
L00216,B00216,Carl,Wheeler,04-03-1980,6064473912,aenean.massa.integer@google.com,KRP16QRD1JU,Home Loans,145,9358774,04-01-2011,05-03-2025,143,85,47,Default,8
L00217,B00217,Rigel,Hess,17-08-1986,3296195760,euismod.est@protonmail.edu,OJM16TPR6AZ,Students Loans,156,4854268,30-09-2011,10-07-2026,137,67,49,Overdue,6
L00218,B00218,Louis,Travis,24-11-1988,1636414963,tristique.aliquet@icloud.net,SCB45YAD3DS,Students Loans,73,739670,03-01-2018,01-09-2028,60,33,28,Overdue,9
L00219,B00219,Hall,Levine,06-02-1980,5828325373,eu.neque@icloud.ca,XUF52CMX1QC,Personal Loans,140,9675119,11-10-2016,28-07-2025,76,15,12,Default,5
L00220,B00220,Len,England,20-03-1987,8207141665,ullamcorper.magna@hotmail.ca,OFU41IMH8WY,Business loans,120,3764886,30-01-2023,05-07-2030,1,76,1,Late,5
L00221,B00221,Lane,Sellers,24-06-1985,4852250087,ipsum.leo.elementum@yahoo.com,TVT46TCN1ND,Home Loans,195,5138847,31-12-2010,20-09-2029,146,5,5,Default,9
L00222,B00222,Maxwell,Moses,02-11-1983,9023648041,justo.faucibus.lectus@aol.com,YHP62OXK9YE,Personal Loans,194,1120111,22-12-2012,20-06-2027,122,22,20,Overdue,6
L00223,B00223,Genevieve,Buckley,19-12-1986,4172400416,arcu@protonmail.net,NKO26XVI7DG,Students Loans,147,106473,22-11-2015,17-01-2025,87,71,41,Performing,9
L00224,B00224,Rashad,Park,10-01-1988,9401553327,non.bibendum.sed@yahoo.com,GEC23KYG4SL,Business loans,192,4375364,20-08-2021,09-10-2030,18,52,18,Overdue,8
L00225,B00225,Lewis,Contreras,15-03-1983,3415229709,eget.tincidunt@aol.couk,IDH89TUQ6JR,Business loans,187,9602238,04-04-2011,03-12-2028,143,46,39,Performing,9
L00226,B00226,Sopoline,Bates,07-04-1986,3574708900,in@yahoo.ca,CVI23VOY1OC,Students Loans,162,1131344,07-07-2013,29-11-2025,116,16,13,Overdue,10
L00227,B00227,Duncan,Bright,16-06-1982,2611244289,velit.sed.malesuada@protonmail.ca,VFY56EVZ5SF,Business loans,179,1394645,11-10-2015,11-02-2028,88,13,10,Overdue,6
L00228,B00228,Pandora,Bradshaw,06-12-1983,8243138639,mattis.cras.eget@hotmail.edu,NMJ56AIY8GV,Personal Loans,63,5756983,08-06-2018,11-07-2025,55,1,1,Late,10
L00229,B00229,Ali,Frederick,18-04-1985,5136923506,id.ante@hotmail.edu,HTR88SLS1PU,LOAN_TYPE,69,8870963,25-10-2022,05-12-2029,4,75,4,Performing,9
L00230,B00230,Charity,Sims,04-07-1982,7993911150,dictum.augue@outlook.org,PRW26FTO3DZ,Students Loans,72,3532810,10-04-2017,23-10-2025,65,33,31,Overdue,7
L00231,B00231,Noah,Parsons,16-07-1983,1726451212,aliquam.adipiscing@hotmail.com,GNR39GWO7RB,Personal Loans,151,4367821,17-07-2012,28-01-2029,127,8,7,Performing,8
L00232,B00232,Orlando,Aguilar,30-01-1985,4772033537,ultricies@icloud.edu,KFB18TIF1LJ,Auto loans,189,5588952,05-11-2014,20-01-2027,106,51,45,Performing,6
L00233,B00233,Mufutau,Conway,03-07-1990,4547979496,elit.pellentesque@outlook.couk,AOQ26EAR3NA,Home Loans,54,2097849,14-11-2022,12-11-2027,3,8,3,Default,6
L00234,B00234,Silas,Bean,31-07-1988,8837708283,placerat.cras@protonmail.org,ISB61EFL8YE,Students Loans,200,4912479,05-03-2013,06-08-2025,118,47,42,Performing,6
L00235,B00235,Lavinia,Bright,01-04-1989,4964317037,phasellus.libero.mauris@google.com,WED42IFT1IP,Business loans,137,5543869,08-03-2015,28-10-2026,91,35,28,Late,6
L00236,B00236,Dennis,Schroeder,13-05-1980,7912113179,ornare.fusce.mollis@outlook.ca,SHU83UWP1DF,LOAN_TYPE,160,329207,10-03-2010,10-04-2027,149,43,33,Default,7
L00237,B00237,Hop,Medina,24-11-1981,7842664320,non.leo@icloud.org,GTO34YLG5QT,Students Loans,161,202189,10-09-2012,05-09-2025,125,58,32,Performing,8
L00238,B00238,Zorita,Sampson,30-04-1986,1463602274,aliquam.eros@icloud.ca,FJC92ENM8YX,Personal Loans,54,6097947,09-01-2020,21-11-2030,30,66,30,Default,7
L00239,B00239,Dana,Cobb,19-03-1986,7455469531,gravida.molestie.arcu@protonmail.net,QUP10PZL5FD,Auto loans,198,413456,25-06-2011,25-11-2027,140,18,14,Default,5
L00240,B00240,Aileen,Ramirez,14-07-1988,7426195030,at.auctor.ullamcorper@protonmail.org,RLV15GTV4PS,Home Loans,154,185235,19-09-2018,15-12-2025,53,33,33,Overdue,6
L00241,B00241,Marvin,Bryan,22-08-1981,5457534424,nunc.sollicitudin.commodo@aol.net,KVG53NLK7SC,Students Loans,83,7626585,27-12-2018,20-05-2027,50,6,3,Performing,9
L00242,B00242,Fitzgerald,Hooper,26-07-1987,9867603872,eleifend.nec@aol.com,NKW28JGP1AL,Business loans,136,1130413,20-05-2019,01-02-2028,45,7,6,Late,8
L00243,B00243,Brielle,Chen,11-04-1986,5057745037,adipiscing.elit@yahoo.ca,JPV18DYE4FZ,Personal Loans,82,8945828,01-05-2019,13-05-2025,50,23,22,Overdue,9
L00244,B00244,Bert,Knox,20-09-1980,2474328237,leo.morbi@hotmail.com,YSH15HGY0YI,Students Loans,175,6263800,25-08-2021,03-03-2029,18,52,18,Overdue,8
L00245,B00245,Scott,Strong,02-08-1989,8171019252,malesuada@hotmail.com,GUQ65KCA2ML,Auto loans,109,3789831,07-06-2014,12-10-2029,104,22,17,Performing,8
L00246,B00246,Iliana,Grimes,11-07-1989,5957148184,habitant.morbi@google.couk,NZH54DPD3VZ,Students Loans,124,4526919,05-10-2022,23-04-2029,10,19,10,Overdue,10
L00247,B00247,Haley,Frank,21-12-1982,4041282573,pharetra.nam@outlook.org,REE25FXI3HX,Auto loans,132,1680483,19-10-2022,10-07-2028,4,35,4,Default,7
L00248,B00248,Caesar,Roberts,13-12-1987,6428623504,magna.et@aol.couk,WWB48UVF8QV,Students Loans,80,1847971,02-03-2019,18-11-2024,49,34,30,Default,7
L00249,B00249,Alfonso,Quinn,11-08-1983,3370419071,sagittis@aol.edu,JUL61CPP3SY,Auto loans,193,4608078,20-01-2013,10-11-2026,121,33,22,Late,9
L00250,B00250,Preston,Beard,25-10-1980,1821750684,lectus.convallis.est@google.ca,BTS38GDR3YL,Auto loans,105,1800547,28-12-2018,05-11-2027,50,25,19,Overdue,9
L00251,B00251,Wilma,Mosley,09-09-1981,5036654967,condimentum.donec.at@hotmail.org,TUA98COJ3CK,Home Loans,106,2100449,30-08-2015,04-04-2030,90,66,43,Overdue,7
L00252,B00252,Xaviera,Rodriquez,01-07-1983,1682365473,neque@outlook.ca,CYK84PXV7SG,Students Loans,120,2629897,27-07-2015,28-06-2029,91,54,30,Default,6
L00253,B00253,Regina,Willis,08-12-1986,7655998221,elit.etiam.laoreet@google.com,QHA17YXT3KL,Home Loans,187,6768059,17-07-2010,12-03-2025,151,46,27,Late,5
L00254,B00254,Jenna,Saunders,12-09-1981,3096323320,consequat.enim@yahoo.org,HRS97QMK6BQ,Personal Loans,147,9065853,25-10-2014,14-12-2030,100,9,7,Default,7
L00255,B00255,Kelly,Blackwell,25-09-1986,9413654434,et.nunc@google.com,QRB21NQL5CF,Students Loans,159,7073683,27-06-2015,14-12-2026,92,23,15,Overdue,8
L00256,B00256,Myles,Bruce,31-07-1988,5520588083,aenean.euismod@protonmail.ca,AIU24SIS8VY,Business loans,170,5342831,10-07-2018,04-03-2030,53,32,28,Performing,8
L00257,B00257,Aidan,Carver,16-01-1983,4291035400,imperdiet.ullamcorper.duis@icloud.ca,YYD15IYV4DZ,Students Loans,187,6152250,05-08-2016,04-09-2029,82,33,24,Late,7
L00258,B00258,Grant,Colon,13-03-1987,6963964463,consectetuer.ipsum.nunc@hotmail.com,DWY70JSG1GC,Auto loans,155,9297762,12-10-2020,09-12-2028,27,29,27,Overdue,8
L00259,B00259,Maggy,Clayton,05-06-1984,5801542765,aenean.eget.metus@protonmail.net,FME25AOJ8NG,Home Loans,95,6747062,21-09-2019,06-02-2025,41,23,19,Late,9
L00260,B00260,Edward,Duffy,15-04-1987,9405791447,lorem.semper@protonmail.edu,CRL82VTQ4XJ,Business loans,171,1822829,13-10-2011,25-07-2026,137,48,25,Overdue,6
L00261,B00261,Katell,Tillman,17-09-1981,3324093930,nec.ante@yahoo.ca,UQS85XZI1QX,Home Loans,100,4960568,08-02-2020,17-11-2029,31,22,14,Overdue,6
L00262,B00262,Moses,Logan,04-06-1984,1317353024,fermentum.vel.mauris@yahoo.net,RLX77SKX8LT,Students Loans,182,7274356,31-08-2016,27-03-2029,78,62,46,Late,8
L00263,B00263,Shelley,Quinn,01-07-1982,5415051172,porta.elit@hotmail.net,ZOK28VIN4BB,Auto loans,200,344435,09-10-2013,26-01-2029,114,49,49,Overdue,8
L00264,B00264,Neil,Mcmahon,17-04-1983,9768171353,non.lacinia.at@google.com,ERE64RKQ3PB,Personal Loans,199,7818093,13-02-2011,18-06-2027,145,75,48,Late,5
L00265,B00265,Zahir,Marquez,22-07-1989,1022822386,lorem.lorem@outlook.ca,YPG24ZNH9SW,Students Loans,179,7568138,25-01-2012,12-06-2027,133,54,30,Overdue,10
L00266,B00266,Glenna,Barlow,14-08-1987,5293309462,amet.dapibus.id@google.edu,DHM72PLW3AH,Business loans,134,287440,01-09-2014,29-04-2028,110,60,32,Performing,6
L00267,B00267,Oleg,Dixon,09-09-1983,4841892673,vulputate.dui.nec@protonmail.ca,BXV85JFD4KK,Personal Loans,54,4570214,02-04-2020,29-01-2028,37,61,37,Default,6
L00268,B00268,Mari,Hodges,08-08-1989,9316981462,consectetuer.adipiscing.elit@aol.com,ZFS16HBX3FO,Personal Loans,79,1678300,05-01-2020,02-08-2029,34,5,4,Default,8
L00269,B00269,Hanna,Jacobson,06-10-1985,8026198415,volutpat@outlook.net,VKS67XVI1BC,Personal Loans,193,8830245,23-07-2012,14-07-2026,127,7,7,Performing,8
L00270,B00270,Ira,Cochran,31-05-1985,3754731771,eget.laoreet@icloud.org,ENJ81PXJ1GE,Home Loans,84,1012747,15-12-2019,30-03-2028,38,35,29,Performing,9
L00271,B00271,Mason,Parsons,23-07-1983,2401001236,ornare.libero@hotmail.ca,POW42SKL2DE,Home Loans,92,3719999,04-11-2020,16-04-2028,35,15,13,Default,6
L00272,B00272,Damian,Burch,16-01-1989,1675615736,risus.at.fringilla@icloud.net,GRY22KDE2CA,Home Loans,16,670133,03-07-2022,08-05-2025,12,21,12,Overdue,7
L00273,B00273,Dexter,Monroe,07-03-1988,7711679715,et.netus@icloud.couk,YGF88VAI4TP,Home Loans,80,8809139,20-08-2021,17-05-2030,18,56,18,Overdue,8
L00274,B00274,Clinton,Noel,16-04-1984,2476394201,lacus.vestibulum@hotmail.org,YCK96FOD6JC,Personal Loans,82,2932971,02-10-2020,05-01-2027,37,11,10,Overdue,8
L00275,B00275,Quon,Sears,23-10-1985,3370100021,non.quam@yahoo.net,CHH36YJW7HC,Personal Loans,189,6838182,04-01-2011,17-11-2025,143,15,15,Default,6
L00276,B00276,Iliana,Cummings,08-07-1983,4742966633,penatibus.et@yahoo.org,ZTB77VHR3XP,Home Loans,143,2510130,30-04-2011,26-03-2029,142,62,32,Late,6
L00277,B00277,Michael,Hunter,18-06-1985,7100019217,sit.amet@yahoo.couk,CNX67GCO5LO,Business loans,68,623322,09-03-2020,04-08-2029,30,34,30,Default,9
L00278,B00278,Reagan,Mccray,27-02-1988,2102392918,amet.dapibus@google.couk,UUG66RWI7WK,Home Loans,162,575817,15-09-2010,18-09-2025,149,28,16,Overdue,6
L00279,B00279,Larissa,Underwood,29-05-1983,2948663902,dignissim.lacus@aol.net,HRQ36EFI1NO,Business loans,128,1984713,11-12-2012,25-11-2029,124,43,23,Late,6
L00280,B00280,Jeremy,Hatfield,20-11-1985,2108531309,fermentum.risus@google.edu,QKJ17BLT4XT,Auto loans,99,6350136,23-12-2018,01-10-2027,50,14,9,Performing,6
L00281,B00281,Steel,Garcia,08-02-1985,9432674359,nulla.ante.iaculis@yahoo.org,TSE32TSR2AU,Business loans,118,3419347,04-10-2015,07-03-2030,95,55,41,Overdue,8
L00282,B00282,Jaquelyn,Monroe,12-09-1987,5217425664,curae.phasellus@hotmail.net,JRW78SWV8IH,Personal Loans,147,7396113,06-12-2016,17-05-2028,81,85,46,Overdue,7
L00283,B00283,Mohammad,Contreras,18-05-1989,1513395713,mollis.non.cursus@aol.ca,XRE71RBT7SE,Auto loans,186,5909663,27-07-2011,06-01-2027,139,28,25,Default,8
L00284,B00284,Nichole,Koch,13-11-1983,4191656891,est@icloud.com,IQH64NJM8QP,Home Loans,198,8246687,09-04-2010,16-02-2029,150,36,27,Overdue,9
L00285,B00285,Germaine,Hampton,02-04-1984,1884620934,a.dui@hotmail.edu,XZD33TTE6YD,Business loans,194,8091199,19-02-2021,06-12-2027,24,34,24,Default,7
L00286,B00286,Willa,Macdonald,01-11-1990,9513134293,risus.quisque@hotmail.com,DJX62OEO1TP,Personal Loans,189,9317681,05-12-2010,15-07-2030,154,33,19,Performing,6
L00287,B00287,Jordan,Rose,20-04-1986,7876149281,mus.aenean@icloud.org,EJV21GIX2SV,Personal Loans,97,7113451,11-10-2022,01-07-2026,4,47,4,Late,10
L00288,B00288,Abdul,Mcconnell,30-04-1983,5396969601,semper.egestas@aol.com,IKQ33VUT3UI,Students Loans,135,9441653,21-04-2013,03-01-2030,118,39,26,Default,8
L00289,B00289,Whoopi,Patterson,23-03-1989,4338206274,et.nunc@hotmail.org,XPI15OGR6TC,Students Loans,164,2060719,13-09-2012,16-06-2029,126,34,27,Overdue,10
L00290,B00290,Dillon,Landry,02-08-1989,7533375963,libero.proin.mi@outlook.edu,DKW51GNL9JG,Home Loans,71,6813807,19-05-2017,19-05-2030,69,6,6,Performing,9
L00291,B00291,Karly,Wong,24-06-1984,8422498504,amet.massa@yahoo.edu,LDX09LSI1LI,Students Loans,116,8018577,17-03-2019,25-12-2024,47,25,17,Late,8
L00292,B00292,Justina,Moody,11-08-1982,7892004113,enim.gravida@google.couk,FCU93QOU6FC,Home Loans,183,3325570,23-03-2012,19-06-2027,131,48,47,Late,5
L00293,B00293,Kirestin,Brewer,26-03-1982,6134589964,pellentesque.habitant@hotmail.couk,DHZ52MPR7VA,Students Loans,169,9792872,29-12-2013,02-08-2026,110,66,37,Default,9
L00294,B00294,Alfonso,Velez,13-11-1981,1080740103,mi.tempor@aol.couk,RHT32NWF8EI,Home Loans,191,7779485,08-05-2011,10-05-2025,139,3,3,Default,10
L00295,B00295,Pandora,Booth,25-01-1981,6400919234,aliquet.lobortis.nisi@icloud.couk,XCN20WOR6UT,Students Loans,199,2729862,28-07-2013,15-01-2030,115,38,27,Late,7
L00296,B00296,Abel,Simmons,23-10-1986,5426564836,nunc.sed.orci@hotmail.edu,DTU33MZY7NQ,Business loans,129,3681274,22-06-2014,05-02-2029,104,20,19,Performing,6
L00297,B00297,Germaine,Lancaster,27-10-1989,9866473434,donec.egestas@hotmail.net,OPX42JVM1BH,Personal Loans,146,6564890,07-08-2013,20-05-2029,116,26,15,Overdue,9
L00298,B00298,Hunter,Warren,21-01-1986,9932491968,facilisis.eget@outlook.ca,LZO79IBB0IS,Auto loans,123,1513805,26-09-2014,21-06-2028,101,61,49,Default,8
L00299,B00299,Nichole,Mcgowan,29-06-1982,8406658629,odio@yahoo.net,EAL61YCQ7HU,Personal Loans,171,8220707,25-05-2012,29-08-2030,129,30,29,Performing,6
L00300,B00300,Raja,Garrison,04-07-1983,7105362282,habitant.morbi@google.net,MNF60QQV7JI,Home Loans,102,3601105,22-04-2016,05-01-2029,82,8,6,Performing,8
L00301,B00301,Gabriel,Rasmussen,27-05-1988,4813486209,morbi.tristique@outlook.net,HRE75VYH4AF,Business loans,118,7135586,10-02-2013,25-09-2026,113,52,45,Performing,6
L00302,B00302,Noble,Sampson,04-02-1989,4111113940,non.feugiat.nec@hotmail.org,PVT59GJQ9BU,Home Loans,193,2891180,27-08-2014,23-12-2024,102,86,44,Performing,6
L00303,B00303,Eagan,Hill,30-07-1981,9025707803,lorem.ipsum.dolor@icloud.net,VRN65CSU8TV,Business loans,30,8552970,22-03-2022,02-04-2030,11,38,11,Default,8
L00304,B00304,Rafael,Page,27-10-1988,2190310792,euismod.et@hotmail.com,GUC54CWT5KJ,Auto loans,51,4281019,15-01-2023,14-01-2025,1,45,1,Performing,10
L00305,B00305,Hayley,Ortiz,28-12-1988,2634823977,libero.dui@icloud.ca,HUX80DPH1GL,Personal Loans,123,8019889,12-11-2019,16-04-2030,39,88,39,Overdue,6
L00306,B00306,Evangeline,Curry,12-04-1988,3404386415,duis@google.org,TOR66YUD6MG,Business loans,149,9097990,20-08-2012,08-04-2027,126,68,40,Late,9
L00307,B00307,Mari,Blackburn,12-10-1989,7122719181,duis.elementum@icloud.org,LPW16BUR5DR,Home Loans,180,8658757,12-08-2013,07-12-2030,111,33,27,Default,5
L00308,B00308,Reed,Briggs,04-03-1987,8116089153,cum@aol.org,AFE37MHJ9JT,Personal Loans,199,4656188,03-02-2020,06-09-2029,36,54,36,Overdue,8
L00309,B00309,Cassady,Mathis,09-01-1984,2952707733,eu.nibh.vulputate@yahoo.org,CFX25MDS0UT,Auto loans,161,1467392,14-05-2016,03-08-2028,81,29,22,Late,5
L00310,B00310,Vaughan,Gutierrez,11-02-1980,7463835710,leo.in@hotmail.com,FRN86EQU6LQ,Students Loans,177,3024902,22-06-2010,01-12-2028,152,69,47,Overdue,6
L00311,B00311,Anjolie,Conley,25-12-1983,2562223288,tempor.diam.dictum@icloud.net,ICB39ITK4XK,Auto loans,197,9916758,15-06-2011,21-03-2030,140,30,25,Default,8
L00312,B00312,Evan,Beach,08-03-1983,9162415071,at.lacus@yahoo.edu,QLJ66BZE5RQ,Personal Loans,131,4051072,11-03-2019,16-01-2027,40,12,7,Default,8
L00313,B00313,Maxine,Leonard,22-07-1985,7747102737,suspendisse@outlook.com,WUM01URV4OV,Auto loans,115,9204634,12-12-2016,11-11-2028,75,10,6,Default,8
L00314,B00314,Althea,Kane,24-05-1988,5150202473,nulla.ante@aol.edu,CZY13ORK4OK,Personal Loans,189,3260168,28-07-2012,06-12-2027,127,24,16,Late,6
L00315,B00315,Steel,Baxter,09-09-1986,2565348931,tristique.neque@icloud.edu,YIE33WMX7BR,Auto loans,81,1539847,10-11-2017,15-10-2030,65,16,9,Overdue,9
L00316,B00316,Kato,Delacruz,29-09-1989,1735402332,penatibus.et.magnis@icloud.org,DXL91XWE2WO,Home Loans,84,6361014,31-10-2016,12-07-2030,76,34,26,Late,9
L00317,B00317,Henry,Haley,28-12-1980,6884674259,non.cursus@outlook.com,HKU13XCG3DL,Business loans,136,8163603,20-04-2019,06-12-2028,46,71,41,Late,8
L00318,B00318,Macey,Blake,08-08-1980,9235748502,non.sapien@yahoo.couk,IRD18IUG6US,Auto loans,97,5669488,21-03-2017,04-01-2029,71,51,40,Performing,7
L00319,B00319,Jeremy,Michael,30-11-1983,3594049868,in@protonmail.edu,MUP17XIY5YK,Business loans,61,7489479,22-10-2018,20-09-2025,52,66,48,Performing,5
L00320,B00320,Lars,Maldonado,03-05-1981,2555131871,lectus.a@outlook.net,YXP04PSS3QN,Students Loans,191,2367650,14-02-2020,17-04-2026,36,39,28,Performing,7
L00321,B00321,Gannon,Henderson,28-06-1983,9885520925,erat@protonmail.org,JLM98HOP5IQ,Auto loans,104,6357182,17-03-2015,28-11-2028,95,49,46,Performing,10
L00322,B00322,Arden,Vaughan,27-12-1987,3944331697,arcu@icloud.com,NAO73WQL1IG,Home Loans,194,2735702,27-10-2012,05-11-2025,124,36,31,Overdue,9
L00323,B00323,Rhoda,Evans,16-05-1981,8014956247,dictum.eleifend.nunc@protonmail.com,WQC97NZB8DO,Business loans,128,8702502,31-01-2018,03-05-2028,61,21,12,Overdue,9
L00324,B00324,Carla,Maddox,30-06-1981,1140577360,diam@protonmail.ca,IQM13GEL0TK,Auto loans,140,4823947,24-01-2015,12-05-2024,97,32,26,Late,8
L00325,B00325,Remedios,Workman,17-05-1988,5105326753,a.ultricies@hotmail.com,ECP68GVA9TF,Students Loans,165,176150,01-04-2019,28-04-2030,50,50,36,Overdue,7
L00326,B00326,Abbot,Harding,16-03-1986,7500391749,vel@outlook.ca,GGY39UCK5NU,Business loans,157,7091926,08-01-2014,21-06-2029,103,10,7,Performing,5
L00327,B00327,Savannah,Valenzuela,16-12-1987,4550765840,curabitur.vel@yahoo.edu,OYA25UQP9KF,Students Loans,153,5279368,22-12-2020,24-05-2029,26,34,26,Overdue,8
L00328,B00328,Coby,Wiggins,12-07-1986,8844329592,consectetuer.ipsum@yahoo.com,VNY45SBH8SN,Business loans,179,6011448,13-08-2011,19-06-2025,139,18,13,Overdue,9
L00329,B00329,Kadeem,Alvarez,14-07-1989,3564437630,elit@outlook.net,YMH52IMS2GT,Students Loans,186,5999648,30-10-2022,07-10-2027,4,9,4,Performing,9
L00330,B00330,Callie,Owens,28-07-1985,3552378692,id@outlook.edu,IDC78JNM8UA,Students Loans,172,1802955,05-10-2011,23-01-2030,142,17,12,Performing,7
L00331,B00331,Dominique,Huffman,31-01-1981,9858377824,eget.metus.in@aol.edu,PBL18ZSJ5XJ,Auto loans,132,5675746,12-08-2020,11-03-2030,27,25,22,Default,7
L00332,B00332,Ivory,Huber,14-07-1986,3115881066,fusce@yahoo.net,MYU74MHG6VY,Home Loans,120,7970393,28-10-2013,19-03-2029,112,39,33,Overdue,8
L00333,B00333,Jack,Wilkinson,12-12-1982,3866778962,per@outlook.net,RDH81CCN5UV,Business loans,117,5350292,15-04-2017,13-05-2027,70,45,32,Late,7
L00334,B00334,Odysseus,Glover,03-11-1985,8650891402,id.ante@aol.org,JXV56JUW7CW,Home Loans,74,8250452,16-09-2019,24-08-2026,41,45,39,Late,9
L00335,B00335,Marah,Gates,17-12-1982,8977530453,pellentesque.a@icloud.ca,HBG51FED1EI,Students Loans,146,3667270,12-10-2019,07-03-2026,39,55,39,Late,8
L00336,B00336,Kimberly,Burris,28-04-1989,3590583024,quisque.libero.lacus@google.ca,IGS07EHS6WM,Students Loans,119,6934827,27-01-2018,07-06-2029,61,20,18,Overdue,7
L00337,B00337,Brian,Gill,11-09-1987,1621657343,curabitur.egestas@aol.net,GHS50IXE5VU,Personal Loans,28,280792,04-12-2022,17-02-2028,11,23,11,Late,10
L00338,B00338,Veda,Gonzales,21-10-1985,7975583794,augue.ac@outlook.net,YGC64DKF1XG,Business loans,181,8830455,30-06-2012,29-08-2026,128,42,25,Late,6
L00339,B00339,Maris,Bass,13-11-1986,6885227944,fermentum@hotmail.org,FJB94QUJ3VT,Home Loans,193,3290549,26-12-2014,22-08-2030,98,27,20,Late,7
L00340,B00340,Mari,Charles,27-02-1986,1978500292,fusce.mollis@aol.couk,CET52DHQ8QO,Personal Loans,166,1143616,16-10-2022,26-07-2029,4,83,4,Performing,8
L00341,B00341,Natalie,Cannon,29-11-1986,7757034531,eu.erat@aol.couk,GYI51TKT1PJ,Students Loans,178,7411190,13-03-2020,02-11-2028,36,16,15,Default,10
L00342,B00342,Addison,Harrison,11-08-1989,2295941331,lectus@icloud.edu,IEJ31CUO4ES,Business loans,111,995681,03-03-2023,08-07-2027,0,2,0,Overdue,6
L00343,B00343,Scarlet,Wilder,07-02-1988,5436082284,dolor.quisque@protonmail.couk,RCB12DZJ9DP,Business loans,112,6857600,24-09-2015,30-01-2027,89,78,49,Performing,7
L00344,B00344,Joan,Shepard,19-04-1987,8081318606,magna.et@yahoo.com,VYW12AOV8UW,Students Loans,104,7387567,26-10-2021,02-08-2026,16,37,16,Overdue,7
L00345,B00345,Gemma,Sawyer,12-08-1982,4647548329,eu@aol.ca,DXR91PIP1IR,Business loans,188,4914686,15-10-2010,02-11-2028,148,46,31,Default,7
L00346,B00346,Tatum,Johns,11-11-1980,3941105471,gravida@google.org,VZW08LLP3XS,Personal Loans,175,1579107,27-01-2012,18-12-2026,133,40,20,Overdue,7
L00347,B00347,Cameron,Randall,08-10-1988,2078723833,augue.malesuada.malesuada@yahoo.org,NKK92BCU6FB,LOAN_TYPE,159,3493060,16-02-2013,21-01-2030,120,48,31,Late,5
L00348,B00348,Edan,Gillespie,15-04-1983,3193486172,nibh.phasellus@aol.couk,JSG13JKJ9FD,Students Loans,108,7960138,07-04-2016,01-03-2025,80,16,14,Default,6
L00349,B00349,Lee,Little,11-03-1983,1476226392,primis.in@outlook.net,NJP18IBO4CO,Personal Loans,182,8029191,23-12-2019,09-11-2030,38,1,1,Overdue,7
L00350,B00350,Alea,Rosales,04-01-1989,1483534630,luctus.curabitur@hotmail.ca,JII85UYZ2KG,Auto loans,143,2036243,09-07-2020,05-05-2028,30,19,15,Overdue,9
L00351,B00351,Amos,Myers,09-09-1981,9540615238,nunc.lectus@protonmail.net,QKC20GUK7CN,Home Loans,104,5519564,31-07-2018,11-01-2028,55,18,9,Performing,7
L00352,B00352,Carson,Reese,09-07-1989,3482037806,suscipit.est@aol.couk,NUQ85DNM1UV,Students Loans,96,9414944,17-08-2015,24-05-2025,90,33,31,Late,6
L00353,B00353,McKenzie,Perkins,03-11-1985,8553736619,dictum@aol.edu,QTA80FCY1CD,Business loans,184,6800997,29-01-2012,14-05-2029,133,56,30,Late,9
L00354,B00354,McKenzie,Ramos,12-07-1983,1582633182,lectus@google.net,VGD72PVG8SU,LOAN_TYPE,128,1831450,13-08-2022,24-07-2029,7,24,7,Default,8
L00355,B00355,Callie,Moore,23-10-1984,8807243121,ligula.eu@aol.ca,CCN52COA4UY,Students Loans,162,9352943,21-12-2010,07-08-2028,146,47,30,Late,7
L00356,B00356,Caleb,Tate,11-12-1983,5386004720,ante.blandit.viverra@outlook.org,JUY07JLJ6RW,Personal Loans,157,3361538,20-04-2013,07-02-2029,118,40,25,Late,8
L00357,B00357,Drake,Snyder,23-05-1980,4541719419,mollis.non.cursus@outlook.ca,FRH39JFR4IY,Auto loans,192,9287474,25-08-2011,16-02-2025,138,33,27,Default,9
L00358,B00358,Xandra,Maynard,11-01-1980,3075051833,rutrum.non.hendrerit@google.com,DJA52VHH7HH,Home Loans,85,150202,24-03-2022,11-02-2024,11,40,11,Overdue,8
L00359,B00359,Fritz,Cunningham,25-06-1983,2926794558,turpis.vitae@yahoo.net,XJX24RNI7RO,Students Loans,78,2186738,31-07-2020,24-07-2027,31,12,11,Performing,9
L00360,B00360,Uriel,English,05-12-1983,9914216646,enim@outlook.org,KNT53MFE8JU,Business loans,106,3487284,15-04-2019,18-10-2026,46,12,6,Performing,8
L00361,B00361,Amelia,Rodriquez,27-09-1989,7363753957,orci.luctus@google.com,DFQ88BFI8YN,Personal Loans,198,1506253,01-03-2014,26-11-2026,110,20,18,Performing,7
L00362,B00362,Aurora,Schmidt,17-03-1981,4188505736,consectetuer.euismod.est@icloud.net,XUN68PRY9NI,Students Loans,153,9077677,08-04-2017,20-08-2027,67,65,44,Late,7
L00363,B00363,Isabelle,Langley,30-06-1989,9432344210,integer.tincidunt.aliquam@icloud.ca,OFG52SGI8TG,Auto loans,179,6083694,15-12-2013,24-07-2025,110,49,31,Default,8
L00364,B00364,Claudia,Roach,14-06-1982,8741512351,lacinia.orci@outlook.com,TIO10ZAZ9HH,Students Loans,195,990932,18-07-2014,21-08-2028,103,56,44,Performing,9
L00365,B00365,Josephine,Howe,09-06-1980,4392254445,per.conubia@aol.ca,OVD28MTW6WK,Auto loans,69,6919701,20-12-2019,18-09-2025,38,46,27,Overdue,6
L00366,B00366,Celeste,Wolf,23-06-1988,3211976605,leo.vivamus@yahoo.ca,NQC37VQG2RX,Students Loans,197,4538563,14-03-2012,02-08-2029,131,6,5,Performing,9
L00367,B00367,Axel,May,27-04-1981,2506443553,cras.dictum@google.org,FGC41MWH5JV,Auto loans,148,9346172,10-11-2021,03-12-2026,17,8,5,Performing,8
L00368,B00368,Michael,Logan,21-10-1987,9063974753,ligula.donec.luctus@google.ca,GQP60EOQ4DE,Auto loans,163,3080252,19-02-2014,23-05-2029,108,23,21,Overdue,7
L00369,B00369,Talon,Holland,15-09-1986,7067915875,dapibus.rutrum@protonmail.com,RWV12YEI7WY,Home Loans,24,9189952,11-08-2022,22-08-2026,4,6,4,Performing,8
L00370,B00370,Grady,Fletcher,29-08-1981,5831273126,et.euismod@aol.net,VVG65ABP0HV,Students Loans,119,6707675,27-08-2015,11-02-2025,90,52,43,Default,6
L00371,B00371,Bertha,Ferrell,14-09-1981,3428167308,semper.dui@google.ca,JTM42MLE2WJ,Home Loans,154,2408016,10-11-2014,25-10-2029,101,43,26,Performing,7
L00372,B00372,Daryl,Cunningham,05-11-1982,7788201340,euismod@icloud.couk,WRG30SDN3VG,Personal Loans,146,4655321,05-12-2019,14-08-2027,46,8,8,Overdue,9
L00373,B00373,Abbot,Page,07-09-1982,3504418515,nisi@yahoo.ca,MQN73LQS1GQ,Students Loans,130,4574664,19-08-2017,12-05-2028,66,55,34,Overdue,5
L00374,B00374,Lynn,Richmond,29-03-1988,1457863316,odio@yahoo.couk,KER91DEK3VG,Business loans,137,8168349,01-10-2020,09-09-2025,38,20,19,Overdue,5
L00375,B00375,Sopoline,Weaver,28-05-1980,4454883674,velit.egestas@aol.com,YBW12GWH2NB,Students Loans,141,4904596,23-10-2014,12-09-2028,100,79,48,Overdue,10
L00376,B00376,Yoshio,Barr,30-05-1980,8325658057,magna.sed.dui@hotmail.net,EJV25MIR3QW,Auto loans,57,6292617,17-04-2020,13-08-2027,34,13,8,Late,6
L00377,B00377,Hiram,Finley,15-11-1989,8917293766,molestie@google.ca,WXU16LLC8KL,Home Loans,128,9387647,16-01-2014,20-08-2027,109,37,30,Default,5
L00378,B00378,Patricia,Wiggins,04-10-1981,6434201604,mauris.ut.quam@aol.net,OBC62FVO4CF,Business loans,133,2041781,21-12-2014,05-12-2028,98,7,4,Late,9
L00379,B00379,Benedict,Duncan,24-10-1982,6727714302,dolor.quam@aol.ca,XVD46GEJ7BR,Home Loans,180,1637228,17-06-2011,15-08-2028,140,67,35,Default,6
L00380,B00380,Nomlanga,Kerr,06-02-1987,2643050504,proin.non.massa@outlook.ca,LPN45WXZ4TO,Students Loans,169,2577444,01-09-2012,23-02-2027,134,72,42,Performing,8
L00381,B00381,Daryl,Kelley,21-09-1988,6437602542,adipiscing.fringilla@google.edu,FLI97ORS4AP,Auto loans,108,7458320,01-04-2017,22-01-2027,74,35,20,Default,5
L00382,B00382,Samuel,Mckenzie,02-12-1987,5784580194,odio.auctor@outlook.couk,LTC15LUS0YK,Personal Loans,167,6833536,13-10-2010,13-09-2026,149,13,11,Late,8
L00383,B00383,Indira,Dejesus,19-11-1981,9026788604,sed.congue.elit@yahoo.edu,QOH88OWY6WC,Students Loans,164,1855029,09-10-2016,03-03-2026,78,51,49,Default,6
L00384,B00384,Micah,Sanders,10-01-1988,8801914265,fames.ac@protonmail.org,XTY81IWO5TP,Business loans,127,7962830,22-03-2019,16-01-2025,47,37,25,Late,9
L00385,B00385,Hamish,Robles,12-04-1989,7865895428,venenatis.a@yahoo.edu,NGG83JRM2HJ,Personal Loans,136,9394642,31-10-2013,23-07-2026,112,9,9,Late,8
L00386,B00386,Kim,Anthony,24-08-1983,3676382893,tincidunt.donec@google.ca,SBK29XSK5WW,Personal Loans,69,4416411,20-10-2020,30-10-2030,28,13,10,Late,9
L00387,B00387,Maxine,Blevins,29-09-1982,7577136365,suspendisse.sagittis@google.couk,SLM26DFM8QU,Personal Loans,174,8559105,19-09-2021,04-02-2028,17,12,9,Performing,6
L00388,B00388,Jolie,Merritt,14-08-1988,9925949556,cursus.a@protonmail.couk,BYF11MRY1OI,Home Loans,108,4915861,08-12-2017,09-08-2025,67,26,24,Late,8
L00389,B00389,Xantha,Ochoa,27-11-1982,1674612526,dolor.vitae@aol.com,IKS62HJP2PG,Home Loans,197,6405900,24-02-2016,22-01-2029,84,24,24,Default,7
L00390,B00390,Cairo,Le,17-10-1985,4923928303,viverra.donec.tempus@aol.ca,PTE32EWX5JT,Home Loans,166,3726256,10-07-2022,18-05-2029,5,55,5,Overdue,8
L00391,B00391,Christian,Becker,25-04-1981,5435226597,et.rutrum@aol.couk,ZDR21JMV3DD,Home Loans,176,2718936,18-04-2018,27-04-2029,58,43,32,Overdue,7
L00392,B00392,Francesca,Ford,02-09-1985,3084612189,aliquet.nec.imperdiet@icloud.org,QDD93CTR1WS,Personal Loans,198,2085833,16-05-2020,11-01-2025,33,3,2,Performing,10
L00393,B00393,Belle,Lang,11-10-1980,9763725449,donec@aol.net,FBX90NMS5CW,Personal Loans,196,2837120,26-05-2011,22-07-2026,141,11,10,Default,6
L00394,B00394,Oprah,Sanders,15-07-1989,9498781159,nunc.ullamcorper@protonmail.org,NVF50OKX1OE,Home Loans,152,1220364,27-07-2013,16-04-2030,115,19,11,Performing,7
L00395,B00395,Ginger,Orr,30-10-1981,8584741249,maecenas.mi@yahoo.com,ZSB86SYF1GN,Business loans,143,1220719,21-07-2012,22-04-2027,127,22,13,Late,7
L00396,B00396,Addison,White,26-02-1988,6292536069,dolor.fusce@hotmail.org,NBZ69SMF2YK,Home Loans,44,6092974,14-04-2022,16-11-2028,10,14,10,Default,9
L00397,B00397,Beatrice,Pierce,11-03-1987,6745752349,iaculis.aliquet@aol.com,BXY41ELJ3VG,Business loans,188,4415918,09-07-2011,30-06-2028,138,48,40,Overdue,6
L00398,B00398,Noah,Farmer,30-09-1981,6388536250,nonummy@outlook.edu,NFK63RII8SR,Auto loans,191,3268777,19-08-2016,03-09-2025,78,39,30,Default,8
L00399,B00399,Faith,Carpenter,20-09-1981,3240537101,integer@protonmail.net,LRV32HRH7NP,Business loans,149,2490133,13-06-2011,27-06-2026,141,53,34,Overdue,9
L00400,B00400,Zelenia,Sullivan,02-02-1983,2438226401,curabitur.massa@protonmail.ca,WDH14OHR2CS,Personal Loans,125,4701866,28-09-2012,20-03-2025,125,29,26,Default,9
L00401,B00401,Tate,Powell,25-07-1982,3842370590,ante.ipsum.primis@yahoo.org,URM95PRG8GN,Auto loans,196,5836239,29-10-2016,24-12-2030,76,48,47,Overdue,8
L00402,B00402,Madonna,Townsend,08-11-1981,6715056253,risus.duis@protonmail.com,KEG24QCU1HA,Home Loans,105,7574019,14-04-2019,18-12-2030,46,35,34,Overdue,6
L00403,B00403,Risa,Holloway,01-09-1983,6207700863,et.netus@icloud.com,PQS48YZF2WX,Business loans,198,3476756,03-02-2012,26-12-2028,132,72,41,Performing,7
L00404,B00404,Samantha,Roth,05-05-1982,9842342646,turpis.non@hotmail.net,OXU28BFJ4KB,Personal Loans,140,9420170,12-01-2018,08-10-2030,51,20,10,Late,8
L00405,B00405,Russell,Holt,31-08-1988,6044890273,leo.cras.vehicula@yahoo.org,WJU72GPW5JG,Personal Loans,94,6133292,23-03-2019,13-04-2026,47,19,15,Performing,5
L00406,B00406,Xander,Mcclure,14-06-1980,7973533276,vivamus.molestie.dapibus@hotmail.org,OCI40BGT1FV,Students Loans,165,5498102,05-06-2010,05-05-2026,154,32,30,Performing,7
L00407,B00407,Stephen,Noble,04-06-1987,5025568334,ac.turpis.egestas@aol.net,YIP81GNS1RH,Students Loans,132,6542746,12-04-2013,13-08-2027,111,32,18,Overdue,6
L00408,B00408,Iliana,Dixon,14-06-1987,6495554617,feugiat.metus@aol.net,JXK52PLS9WU,Home Loans,61,6539951,05-04-2020,07-03-2027,34,18,17,Default,6
L00409,B00409,Chaney,Washington,05-08-1989,4390729376,nulla.dignissim@yahoo.org,UGD83GSD4TT,Students Loans,70,5958438,17-07-2017,27-06-2029,67,65,47,Performing,7
L00410,B00410,Melissa,Carey,29-04-1982,1461455759,fermentum.risus@hotmail.net,VDT32JEX7FM,Home Loans,170,5611343,29-08-2013,08-02-2030,114,30,25,Late,8
L00411,B00411,Craig,Martinez,29-09-1983,2971503491,pede@outlook.ca,SDS58HFV4NN,Students Loans,45,1879742,11-11-2020,13-07-2025,28,48,28,Performing,7
L00412,B00412,Yuli,Rush,10-02-1981,5627427965,vitae@hotmail.org,YWB34EMP5TA,Home Loans,165,344392,15-06-2022,01-02-2028,8,17,8,Default,7
L00413,B00413,Neil,Crane,21-06-1980,8853166105,ipsum.dolor@outlook.edu,ICL87SRX2YJ,Students Loans,16,345697,16-11-2022,06-08-2026,3,62,3,Late,9
L00414,B00414,Timon,Combs,03-10-1988,5963337088,molestie.tellus.aenean@icloud.org,HGC71DIE0FM,Business loans,121,1516565,14-05-2016,22-02-2030,81,20,20,Performing,7
L00415,B00415,Wynter,Nichols,03-08-1985,3311165682,enim.commodo@icloud.edu,WXE12LEB0PS,Personal Loans,140,6836685,11-02-2012,17-02-2029,124,10,8,Default,8
L00416,B00416,Brenna,Prince,09-01-1984,2018744773,non.lacinia@google.org,UQG78SBV4KF,Auto loans,196,321702,07-04-2019,04-02-2029,44,51,44,Performing,6
L00417,B00417,Dara,Briggs,18-05-1983,1526180145,tellus@aol.edu,CQG97EEH4WD,Personal Loans,196,7797069,23-02-2022,24-12-2028,12,14,9,Overdue,8
L00418,B00418,Ramona,James,23-02-1988,7965351086,bibendum.sed.est@outlook.ca,URF76INE8ZX,Home Loans,188,9632506,25-05-2014,29-04-2030,105,5,5,Performing,6
L00419,B00419,Quyn,Swanson,17-12-1981,7541982428,et.malesuada@icloud.couk,RIQ68QWH2HC,Business loans,180,2870022,26-02-2014,21-10-2026,108,11,11,Late,10
L00420,B00420,Gregory,Harrison,23-11-1984,3844719877,vestibulum@google.couk,BJD82OCQ8PK,Home Loans,132,454993,19-09-2019,17-04-2028,41,15,12,Default,5
L00421,B00421,Hashim,Slater,12-01-1987,9196607222,ridiculus.mus.proin@aol.com,ZDO13KUI9VW,Business loans,179,4419406,07-05-2015,14-05-2025,92,46,25,Performing,6
L00422,B00422,Nolan,Wiley,15-10-1980,5083434501,pretium@yahoo.couk,IIY26BTJ5OZ,Auto loans,159,8226774,05-12-2017,12-01-2030,70,50,32,Default,5
L00423,B00423,Sage,Burnett,19-01-1990,1783333025,donec.consectetuer.mauris@aol.net,VHX76PTO7FC,Personal Loans,149,7370258,20-04-2018,12-06-2026,58,31,27,Late,7
L00424,B00424,Callie,Spencer,04-06-1980,9807556083,felis.ullamcorper.viverra@protonmail.com,TUA21EBG5MI,Business loans,73,7475513,18-03-2017,06-04-2029,71,69,46,Late,6
L00425,B00425,Aurora,Boyle,04-04-1989,9372974876,eu.dolor@hotmail.edu,CJK73JOX4QS,Home Loans,111,7888790,16-01-2018,12-10-2026,61,81,47,Overdue,5
L00426,B00426,Kelsie,Mcleod,27-03-1984,6556603334,lorem.fringilla@hotmail.couk,XDN21KYF6VC,Personal Loans,134,4770649,18-09-2020,13-09-2030,29,92,29,Overdue,8
L00427,B00427,Phelan,Petersen,12-02-1987,7233563870,duis.dignissim@outlook.couk,VWY75RMK8QQ,Auto loans,127,5523016,15-01-2020,19-12-2028,37,32,21,Late,10
L00428,B00428,Kaitlin,Gutierrez,09-03-1984,2600040013,neque.sed@hotmail.org,GYQ42KGX3DB,Students Loans,198,365921,04-03-2014,02-07-2028,107,25,13,Late,10
L00429,B00429,Amethyst,Mckee,27-10-1987,3903043956,ac.turpis@protonmail.org,KUK64RXO6BL,Auto loans,174,9411407,01-08-2014,31-10-2025,110,8,6,Late,7
L00430,B00430,Emi,Robinson,20-11-1986,6025794438,senectus.et.netus@icloud.com,KQD29KRZ5RT,Personal Loans,179,8372859,02-01-2017,17-09-2027,73,4,3,Performing,8
L00431,B00431,Indira,Chang,08-05-1982,5741874705,bibendum.fermentum.metus@hotmail.com,ESL31KPM7WT,Auto loans,134,5313437,14-01-2013,14-09-2029,121,80,49,Default,7
L00432,B00432,Belle,Cline,14-06-1986,9804564063,metus@protonmail.net,SSP89OIO5DU,Personal Loans,164,5316288,02-10-2014,25-01-2029,109,51,46,Late,7
L00433,B00433,Rhona,Powell,03-06-1986,9062570590,semper.erat@yahoo.edu,DQN98KDL7KA,Auto loans,161,5319139,14-06-2013,26-12-2026,116,12,9,Default,6
L00434,B00434,Lucy,Powers,25-09-1984,4525419177,ac@aol.com,PSR87JRA4KO,Home Loans,59,5321990,19-09-2018,07-09-2027,53,57,37,Late,8
L00435,B00435,Brennan,Bush,06-02-1981,8694075003,quis.massa.mauris@hotmail.edu,MPK06QET4YB,Business loans,111,5324841,16-05-2015,24-03-2026,93,38,27,Default,8
L00436,B00436,Alexander,Copeland,20-08-1981,9381822415,tristique@hotmail.net,JKC60ECS5SD,Auto loans,184,5327692,30-10-2016,08-06-2026,76,68,34,Overdue,9
L00437,B00437,Ignatius,Berry,22-06-1989,1736937745,ac.eleifend.vitae@hotmail.edu,HOE46ZDJ6QV,Business loans,169,5330543,20-12-2013,23-08-2029,110,31,20,Default,10
L00438,B00438,Garrett,Witt,20-03-1989,7047835109,dignissim.maecenas.ornare@hotmail.com,NQJ47APJ3FT,Students Loans,161,5333394,11-06-2017,03-10-2026,64,55,46,Default,7
L00439,B00439,Ferdinand,Heath,02-03-1990,4046365503,erat.sed@icloud.ca,YHO03SKT1LU,Auto loans,140,5336245,11-10-2011,04-02-2027,136,19,16,Late,7
L00440,B00440,Stella,Perry,24-10-1980,4754345125,tortor@icloud.edu,XSB47VEH2WG,Home Loans,107,5339096,27-02-2019,23-11-2027,48,29,27,Overdue,10
L00441,B00441,Alika,Griffin,09-06-1980,4792209549,tellus.suspendisse@hotmail.com,JCY61RMC8IP,Business loans,148,5341947,11-03-2019,04-11-2025,40,19,11,Overdue,5
L00442,B00442,Kieran,Wise,21-08-1982,8603070600,neque.sed.dictum@hotmail.com,VQR24HWK6XD,Auto loans,65,5344798,27-11-2018,24-09-2027,51,63,49,Late,8
L00443,B00443,Madeline,Stanton,13-02-1982,4474854380,lacinia.vitae@google.edu,WST39SGT2HH,Students Loans,14,5347649,17-06-2022,03-08-2028,8,5,4,Late,7
L00444,B00444,Beck,Berry,24-11-1981,8963498529,lobortis@google.com,NJJ01BRW8SY,Business loans,188,5350500,07-06-2010,19-11-2026,152,30,29,Late,8
L00445,B00445,Scarlet,Burton,09-06-1988,2433266726,ipsum.dolor@aol.edu,PEU82MXX8HQ,Students Loans,140,5353351,26-08-2020,05-09-2030,30,3,3,Performing,7
L00446,B00446,Chase,Frost,31-07-1982,4342017176,ac.mattis@protonmail.org,WJB88LNG0OQ,Business loans,143,5356202,16-04-2021,14-09-2030,22,4,3,Overdue,7
L00447,B00447,Vanna,Cotton,02-08-1982,2603275043,id.sapien@yahoo.com,WHV46YLL7GB,Students Loans,76,5359053,03-01-2021,01-04-2026,24,8,7,Default,6
L00448,B00448,Allen,Sexton,09-11-1981,4575425984,lacinia@aol.edu,DRY74PDK1TY,Students Loans,159,5361904,12-01-2011,14-09-2025,135,83,44,Overdue,8
L00449,B00449,Abel,Cole,21-05-1984,5225513441,mi.lacinia@hotmail.edu,ZYL41QKN5WG,Auto loans,173,5364755,08-03-2019,04-12-2029,43,9,9,Performing,8
L00450,B00450,Serena,Bender,03-04-1986,7040077410,ridiculus.mus@outlook.com,QAU19XTS6UC,Home Loans,181,5367607,21-07-2011,09-06-2030,139,29,20,Default,6
L00451,B00451,Michelle,Ramirez,01-05-1988,9811774975,nisi.mauris@aol.edu,SHR98XFN9BO,Business loans,200,5370458,25-02-2021,07-06-2029,24,6,4,Default,6
L00452,B00452,Astra,Daniel,27-07-1987,1253509876,metus@outlook.com,UBY02ESL7ON,Home Loans,18,5373309,26-10-2022,18-06-2027,4,89,4,Performing,5
L00453,B00453,Aurora,Mcmillan,02-11-1986,7795438614,ut.ipsum@aol.org,HPP11SFT7EX,Students Loans,157,5376160,18-03-2011,11-10-2028,143,35,28,Late,7
L00454,B00454,Jakeem,Cortez,23-07-1984,1166084356,morbi.quis.urna@protonmail.org,QLH05GCP0BP,Students Loans,41,5379011,16-12-2019,02-02-2025,38,87,38,Default,7
L00455,B00455,Wylie,Conley,20-10-1985,9214713371,fringilla.porttitor@aol.couk,TBB27RRX5LW,Personal Loans,156,5381862,14-03-2017,17-07-2026,71,19,13,Late,10
L00456,B00456,Martina,Henry,03-05-1983,4838135656,odio@hotmail.net,UGJ35YYD7ZG,Business loans,117,5384713,26-11-2013,25-10-2024,111,2,2,Late,9
L00457,B00457,Melodie,York,21-06-1985,8863182812,bibendum.fermentum@outlook.org,KPW32TAB2XV,Home Loans,155,5387564,19-06-2012,15-03-2025,128,38,30,Performing,6
L00458,B00458,Bruce,Hendrix,31-08-1989,3692822680,eget.dictum.placerat@google.org,WSG08TMK4FV,Personal Loans,45,5390415,25-04-2020,15-07-2025,34,36,29,Performing,7
L00459,B00459,Michael,Chavez,10-10-1985,5095380847,interdum.ligula@yahoo.couk,HPW83DXF9DY,Students Loans,186,5393266,05-01-2016,09-03-2026,82,71,50,Overdue,8
L00460,B00460,Jolie,Lara,07-11-1982,4224982873,tristique.pellentesque@aol.org,JCG42ABD6PG,Business loans,98,5396117,04-10-2021,16-11-2026,23,16,15,Late,8
L00461,B00461,Plato,Sparks,16-12-1985,3276296821,velit@aol.net,CKH61SVP0EU,Business loans,157,8980079,23-01-2011,03-08-2025,145,35,29,Default,8
L00462,B00462,Linus,Chambers,16-11-1985,5780189209,montes.nascetur.ridiculus@outlook.ca,RHH83RFR2SW,Students Loans,169,1863999,15-12-2015,08-05-2030,86,7,4,Default,5
L00463,B00463,Ignacia,Green,12-09-1987,6586560866,augue.porttitor@aol.edu,YAI44VHS9EA,Business loans,192,2946507,21-09-2012,02-08-2025,125,64,46,Late,6
L00464,B00464,Garrison,Rivers,09-12-1987,7427452580,lacus.cras@icloud.couk,IHB45BST9PV,Personal Loans,117,1389153,16-09-2013,12-02-2028,113,9,7,Default,6
L00465,B00465,Doris,Molina,01-02-1984,9755923776,hymenaeos.mauris.ut@hotmail.edu,QPL44BOD7QY,LOAN_TYPE,106,3961209,06-07-2014,10-11-2025,105,6,4,Late,9
L00466,B00466,Janna,Walters,09-12-1988,3294365915,luctus.vulputate.nisi@icloud.com,BQQ53ENG3TI,Students Loans,74,9803797,01-08-2018,15-10-2025,62,27,18,Overdue,7
L00467,B00467,Wayne,Kelly,08-04-1989,5028711933,sollicitudin.adipiscing.ligula@hotmail.ca,FLS95NNY5VX,Personal Loans,23,2052956,15-04-2021,03-10-2030,22,24,18,Late,10
L00468,B00468,Valentine,Horne,12-06-1984,2090945926,a.ultricies.adipiscing@yahoo.net,LMM13PGD4IA,Auto loans,178,5391013,15-03-2012,22-08-2025,131,15,15,Overdue,7
L00469,B00469,Mariam,Rose,31-03-1988,8285238209,sed.diam@icloud.couk,BUX78XIK7WK,Home Loans,181,9104698,24-11-2013,28-08-2028,111,43,35,Late,7
L00470,B00470,TaShya,Stokes,20-04-1987,2308794585,magna@protonmail.ca,EIU95WFL0XF,Students Loans,129,1827535,12-02-2012,13-05-2028,123,10,6,Performing,10
L00471,B00471,Fiona,Hogan,08-02-1980,3880937167,luctus.lobortis@hotmail.net,NQY08FKQ2ZR,Business loans,156,8360120,22-05-2013,17-06-2027,117,17,15,Performing,9
L00472,B00472,Jeremy,Swanson,04-10-1982,9581386073,eget@aol.net,OEZ17BWO7UU,LOAN_TYPE,131,4624553,15-01-2017,24-11-2027,73,23,14,Overdue,7
L00473,B00473,Aladdin,Fleming,27-10-1988,9863475634,et.malesuada@yahoo.org,RPN76XLW5CQ,Students Loans,154,3098470,07-09-2018,22-03-2027,56,53,47,Overdue,8
L00474,B00474,Davis,Guy,29-11-1980,5478052669,eget.odio.aliquam@google.couk,WND01OKQ9JT,Personal Loans,177,3885585,05-12-2013,09-06-2026,118,26,18,Overdue,9
L00475,B00475,Arsenio,Mcneil,27-09-1984,3148236014,non.lobortis.quis@protonmail.com,RIX65KVH5WX,Auto loans,185,5968668,20-03-2013,16-06-2028,119,27,14,Performing,7
L00476,B00476,Karen,Harmon,30-11-1987,6976090194,sociosqu.ad@outlook.ca,IOU88HML4JI,Home Loans,125,9395949,19-11-2017,25-11-2024,63,27,18,Default,6
L00477,B00477,Chandler,Finch,09-12-1986,9086432052,ipsum.dolor@google.org,QKD13LXF3BR,Students Loans,196,3287251,31-07-2017,02-12-2029,67,34,23,Performing,10
L00478,B00478,Vance,Blake,26-07-1983,3250343697,commodo.ipsum@protonmail.org,XQG74YAB3BG,Business loans,139,5713744,09-12-2019,19-04-2025,42,18,18,Overdue,9
L00479,B00479,Linda,Chen,03-02-1984,3562023154,tincidunt.vehicula.risus@yahoo.com,MGE38VMB6CB,Personal Loans,156,4760164,25-02-2014,23-01-2030,108,19,15,Default,10
L00480,B00480,Naomi,Mcfarland,15-10-1982,9600394649,leo.cras@outlook.ca,ICS39TVV5FR,Students Loans,73,3214943,31-07-2017,20-09-2029,67,15,14,Performing,8
L00481,B00481,Jonas,Fitzpatrick,22-10-1983,3977746607,arcu.eu@aol.com,XEQ15FYS8WL,Auto loans,162,5655219,09-09-2010,21-08-2030,150,17,10,Late,7
L00482,B00482,Lenore,Hammond,27-05-1981,7716316560,arcu.vivamus.sit@hotmail.net,SXU26XUF8IC,Students Loans,157,3833025,17-05-2017,29-06-2025,69,34,32,Performing,6
L00483,B00483,Owen,Mercer,20-01-1987,3837895024,nullam.enim@icloud.org,XJN31DRG4TH,Auto loans,112,4214617,11-10-2016,17-09-2028,76,75,46,Late,6
L00484,B00484,Carl,Wilcox,10-01-1985,7407321979,a.enim.suspendisse@outlook.net,JIS67LXB3QC,Students Loans,100,7176870,18-03-2015,23-10-2026,95,8,5,Default,5
L00485,B00485,Elvis,Castillo,12-01-1981,7232108533,aliquam.ornare@yahoo.ca,YOC78FNA9DB,Auto loans,121,1921877,17-05-2014,05-05-2030,105,21,18,Late,8
L00486,B00486,Ila,Macdonald,01-06-1984,1060045985,lectus.convallis.est@outlook.ca,MDB10DBB3GX,Auto loans,70,5901591,05-11-2017,27-06-2026,70,28,26,Default,6
L00487,B00487,Zia,Ochoa,06-10-1989,1803177539,convallis.dolor.quisque@google.com,YXG61FKZ8XT,Home Loans,173,1673931,23-05-2022,19-12-2026,9,3,3,Overdue,7
L00488,B00488,Troy,Mcgee,18-09-1985,8710188500,nec.tellus@outlook.com,QKM28BYO7CN,Students Loans,135,5408409,12-11-2015,03-08-2029,87,5,4,Overdue,10
L00489,B00489,Gregory,Cruz,15-11-1982,2051740285,purus.sapien@outlook.net,LHB54RNM0WL,Home Loans,175,4617743,06-07-2011,03-04-2025,141,60,45,Overdue,7
L00490,B00490,Kimberley,Zamora,19-06-1986,3455643732,pharetra.nibh@aol.edu,XQR68VPH8HR,Personal Loans,131,411971,08-05-2019,04-08-2028,43,47,41,Overdue,5
L00491,B00001,Rashad,Duncan,26-01-1989,3947120758,libero.dui.nec@outlook.couk,CYU63GZH6GO,Students Loans,178,6513508,05-08-2022,26-05-2025,10,65,10,Default,8
L00492,B00002,Medge,Foley,13-02-1989,3121318937,lacus.nulla.tincidunt@google.edu,RUE23OMY6EC,Business loans,193,1004823,05-05-2017,26-08-2026,70,64,47,Default,8
L00493,B00003,Ayanna,Morton,04-09-1988,9387882934,justo.nec@google.com,WYM31RXM3DU,Students Loans,152,3594495,01-11-2016,01-01-2025,86,6,5,Default,8
L00494,B00004,Daquan,Donovan,17-05-1981,9371279634,nunc.quisque@google.com,NSH18MFA1UO,Auto loans,115,6000075,03-09-2016,08-02-2025,84,21,15,Overdue,7
L00495,B00005,Ariana,Richardson,28-10-1985,6318076071,libero.proin@yahoo.net,FEL38KOR3JR,Home Loans,85,6660170,20-05-2021,29-07-2030,21,12,10,Late,6
L00496,B00006,Nathan,Owen,30-12-1981,9967576217,aliquam.nisl@google.edu,SHH95AIR4YE,Business loans,99,2989514,12-07-2020,24-05-2026,27,40,23,Late,7
L00497,B00007,Shafira,George,05-11-1983,2587632690,arcu.vel@google.couk,IDR69ZOU4MY,Home Loans,119,6200980,21-05-2014,05-01-2027,105,25,24,Late,9
L00498,B00008,Teegan,Huffman,17-01-1985,1477956935,taciti.sociosqu@yahoo.net,QDY95QKL0KK,Students Loans,25,8530618,30-01-2022,08-09-2025,13,38,13,Overdue,6
L00499,B00009,Price,Jordan,02-11-1982,6951578879,dolor.tempus.non@yahoo.net,RYB61LHE4IM,Auto loans,94,4876984,02-03-2022,11-06-2025,13,10,9,Late,7
L00500,B00010,Lani,Carter,08-12-1980,6176585577,neque.in@outlook.com,ROE96YMZ6NB,Personal Loans,171,7959625,27-08-2013,14-09-2029,114,71,41,Late,7
