custid,first_name,last_name,phone,city,pan_id,dob,aadhaar_id,occupation,email,voter_id,passport_id,driving_licence_id,nrega_id,date,device_type,browser
C00001,Hammett,Robles,7948572443,Şanlıurfa,YCJML0032J,04-07-1964,957042534081,"Journalist, magazine",tthompson@example.org,,,,,12-01-2019,mobile,edge
C00002,Abigail,Riddle,7686939322,Choa Chu Kang,OPUKT9619K,28-03-1965,255003085958,Insurance account manager,hernandezjohn@example.org,UPQ1224764,U7857383,BH05494352678,VH-52-358-333-180/378,02-11-2019,mobile,firefox
C00003,Whilemina,Montgomery,9723761962,Logroño,DAMMC9567Y,16-10-1982,332075546728,Chemical engineer,priscilla67@example.net,WKK6933838,K7009064,HV30709067725,,03-03-2019,mobile,firefox
C00004,Amy,Wilson,6748443389,Kapiti,CGIZZ0889Q,21-01-1963,737422202709,Social worker,david61@example.com,,,ZC50941222400,,14-03-2020,mobile,firefox
C00005,Leslie,Freeman,7778665377,Puno,XAQJH4303D,20-10-1944,954631240450,Chartered loss adjuster,sullivanjason@example.org,FKE3002742,,,,20-03-2018,mobile,firefox
C00006,Herman,Salazar,9655225562,Belfort,TNQWK0287D,16-11-1952,261841992893,"Chemist, analytical",lawsonkimberly@example.net,,G9458405,WG69449834234,KG-72-143-691-076/345,29-06-2018,mobile,firefox
C00007,Devin,Maxwell,7757257295,Nova Iguaçu,MADBY6968U,04-08-1968,250754607740,Clinical psychologist,urose@example.net,,N3861889,,TF-27-244-057-175/541,24-12-2019,desktop,opera
C00008,Britanni,Maldonado,8953176832,Buzenol,GDPUC3056W,13-04-1956,772925626757,Science writer,julie80@example.org,,,KI08249290780,UK-16-665-841-694/414,11-06-2019,desktop,opera
C00009,Boris,Kaufman,7728176987,Avesta,IGZVT8167P,17-06-1953,298007635482,Structural engineer,ularson@example.com,ULE3429851,M9264547,SZ93576813899,NK-89-323-568-410/208,02-08-2020,desktop,edge
C00010,Eleanor,Sargent,7179721253,Schwerin,ZULJO2695B,22-05-1977,280387806647,Illustrator,brianna97@example.com,,A0784120,,JF-29-226-331-899/716,03-11-2020,mobile,edge
C00011,Audrey,Bonner,9226334845,Liaoning,XZWVC9622P,19-11-1950,074072056851,Tree surgeon,brittanyvalentine@example.net,HUP4009976,,DL37714526958,,26-04-2018,desktop,chrome
C00012,Fletcher,Booker,6451637684,Panjgur,USYUP2595N,20-02-1951,953689787517,Mudlogger,catherine20@example.org,EFS7364654,,WX08116694295,GV-17-808-830-055/830,24-11-2018,desktop,opera
C00013,Kato,Hartman,8627546194,Bydgoszcz,DIGVC3469B,30-06-1976,166596129952,Manufacturing systems engineer,karenrocha@example.com,,B0533846,,FY-49-412-667-088/933,09-01-2019,mobile,firefox
C00014,August,Rutledge,8385552328,Guápiles,HPRYP4384G,19-09-1960,547787845916,Armed forces logistics/support/administrative officer,obaldwin@example.com,,,,,05-06-2019,mobile,opera
C00015,Lamar,Barton,7264125246,Peshawar,OTGIA5590M,15-07-1988,182440827608,"Pharmacist, hospital",stewartjustin@example.net,KMG8107613,I5595482,HX93709329034,QY-12-601-603-865/850,07-01-2019,desktop,chrome
C00016,Ignatius,Wilkerson,7396586927,Artena,DGZVL1850V,22-01-1996,049426005602,Interpreter,cruzsteven@example.org,,,YY85013085772,,26-01-2021,desktop,firefox
C00017,Christopher,Franklin,8424688957,Cartago,KUFKE5549G,07-02-1993,268622112175,Probation officer,eholmes@example.net,,,PG68966163451,ZL-73-617-396-150/034,10-11-2020,desktop,chrome
C00018,Ignatius,Gibbs,8278812316,Louvain-la-Neuve,BNSLE2260K,06-02-1980,905905867324,Scientific laboratory technician,oclay@example.net,,,,GD-04-987-301-224/516,18-03-2019,mobile,firefox
C00019,Myra,House,6657273676,Ribeirão Preto,IEMVQ9264P,15-10-1991,841437933109,"Teacher, primary school",mcgeekaren@example.org,,,,GW-66-182-955-660/482,03-09-2020,desktop,edge
C00020,Regan,Duke,8433847846,Limoges,HEMGA9924S,27-05-1979,924889109514,Forest/woodland manager,crystal23@example.com,RPV0053060,,,CK-08-910-799-860/933,16-04-2020,desktop,edge
C00021,Cassidy,Frye,8551353342,Sibasa,AGOYC5702L,26-04-1991,929013025497,Archaeologist,vjohnson@example.com,WVQ3265428,,DZ46550216492,MJ-74-659-326-446/741,30-08-2020,mobile,chrome
C00022,Beverly,Chen,6263458186,Governador Valadares,BZYTA0420U,01-11-1963,555661652438,"Engineer, communications",rcampos@example.com,,G9706152,,PQ-90-938-642-156/723,24-09-2018,desktop,firefox
C00023,Griffin,Peterson,8777952242,Brest,PLPEO7854I,12-01-1992,219105474139,Theatre manager,linda03@example.net,,A9450454,,,11-06-2018,desktop,edge
C00024,Imelda,Sherman,7943247757,Nanton,UUOHD6001Z,22-11-1978,565867433616,Radio producer,jacob22@example.net,GKI4338330,F2272813,XY30846101364,,20-12-2020,desktop,chrome
C00025,Lael,Guerrero,8233384182,Dunoon,INYYZ0698A,12-11-1977,438714097733,Aeronautical engineer,roblesgabriel@example.org,OIF6578919,X1867824,BK56150728130,,22-07-2019,mobile,chrome
C00026,Jamalia,Castro,9437768489,Soissons,TIIMA0895H,20-11-1988,293182755100,"Presenter, broadcasting",kendra08@example.net,,,RN06119041806,VX-30-184-108-109/993,13-09-2020,desktop,edge
C00027,Cole,Sanford,7397943234,Coevorden,FLGQZ5089T,05-05-1973,997614311359,Film/video editor,nicholas89@example.org,BZR3844928,S9864078,,,24-11-2018,mobile,firefox
C00028,Ferris,Pickett,6422494569,Virginia Beach,BKTVI6159L,03-08-2002,258680016014,Health and safety inspector,shawbrandon@example.org,XFF8388702,,JN74810677476,,10-10-2019,mobile,firefox
C00029,Blaze,Wood,8678555793,Ormoc,VQNVO4292H,13-04-1968,182568603589,Technical brewer,cynthiagalvan@example.net,RUD0920224,,XX92402155753,,13-03-2020,desktop,chrome
C00030,Paki,Maynard,9867218785,Aurora,NQSRU0888H,26-01-1963,665920155438,Politician's assistant,stephanie71@example.org,,F8399486,IP36076166466,EM-36-276-545-387/121,02-03-2019,mobile,opera
C00031,Addison,Vazquez,9454246636,Shanxi,EZBMQ1866L,10-11-1981,779042262063,Clinical cytogeneticist,mdoyle@example.com,,O7738558,NA56825766830,AC-07-560-306-293/715,13-05-2018,desktop,edge
C00032,Natalie,Hayden,6462855244,Campos dos Goytacazes,FOXRV9519N,08-09-1975,720447968903,Investment analyst,larsentimothy@example.com,XHA8223916,,VA16613379833,HI-79-396-851-156/039,09-10-2018,mobile,firefox
C00033,Martina,West,8173535776,Omsk,ZSFNF1371U,13-05-1947,270560958278,"Teacher, music",xandersen@example.org,,Y8960042,,PA-80-248-263-886/021,06-06-2020,mobile,chrome
C00034,Chloe,Waters,6654735893,Bautzen,MLFUY2689Z,02-10-1999,013708751367,"Therapist, sports",blakecurry@example.org,VVE7683843,K5282801,CB76983515722,KH-39-863-600-106/663,02-07-2018,mobile,edge
C00035,Silas,Fuller,7467886588,Gilgit,HZAIV2354X,18-11-1981,822955534447,"Teacher, music",karaluna@example.org,,,,,16-08-2020,desktop,edge
C00036,Hiram,Mosley,8717155427,Mitú,DSNCJ0778O,24-01-1957,816167351573,Armed forces operational officer,coheneduardo@example.org,EOY7679712,,SP06169975793,DT-33-001-033-629/940,24-04-2018,desktop,chrome
C00037,Yen,Olson,6864783375,Niort,PELGD8882L,06-09-1964,212134249545,Prison officer,gonzalezbrenda@example.net,,,,,14-07-2020,mobile,opera
C00038,Fallon,Summers,6359528761,Querétaro,IYBGO2908P,26-08-1960,173884227990,"Psychologist, sport and exercise",cynthiavasquez@example.net,YKR4638300,N6203412,,,10-12-2020,mobile,firefox
C00039,Maia,Pierce,9566482896,Phan Thiết,VYVQW9978J,06-06-2004,751758852112,Quarry manager,melissalin@example.net,,,NL18668865249,OK-34-923-610-255/556,12-01-2020,desktop,opera
C00040,Leila,Stafford,7929735759,Odda,CXJEP3397H,14-02-1961,336831196622,Data scientist,charlesjonathan@example.net,,U1806280,FS74395432838,,25-06-2018,desktop,firefox
C00041,Rowan,Mccarty,7175842368,Arauca,AKEEQ1484E,13-05-1999,676667826127,IT consultant,adamsjonathan@example.com,,Y3447677,,,03-11-2020,desktop,opera
C00042,Cassandra,Ware,7795671583,Tuxtla Gutiérrez,BIRXZ3997Y,10-08-1990,652724287088,Regulatory affairs officer,wmathis@example.org,YTM4831467,I4810763,VB79065720054,SI-38-799-219-959/904,20-03-2020,mobile,chrome
C00043,Stephen,Moses,6758552781,Tarakan,PJLDW9802P,13-03-1994,013443993739,"Engineer, site",rodneyanderson@example.org,,Q4575994,,,15-07-2020,desktop,firefox
C00044,Gail,Burns,7517981845,Kaluga,FCJED5944Z,05-06-1962,614643857676,Physiological scientist,gary22@example.org,EIA9854764,,KQ60595348221,,25-09-2018,desktop,chrome
C00045,Dillon,Walton,7333622874,Melitopol,TPCCU4171G,11-02-1998,799635125162,Accommodation manager,wwilkins@example.org,GZP9398255,,LC62951650913,DS-77-941-129-472/901,10-02-2019,desktop,edge
C00046,Phillip,Zamora,9833714765,Klagenfurt,EIHQS7795J,01-06-1989,277677992785,Podiatrist,bryantkatie@example.com,PGB2894005,,QK81544444521,,05-06-2019,mobile,edge
C00047,Unity,Mcknight,6768468295,Gasteiz,YVYKT6518H,09-02-1996,334447524863,Product/process development scientist,belllaura@example.com,,U6701049,JK83430867031,NW-60-310-667-864/092,07-10-2019,mobile,chrome
C00048,Helen,Montgomery,7597547642,Hagen,FCCHJ9621E,27-08-1977,668343091114,Outdoor activities/education manager,cassandra88@example.net,KNZ5345696,E9422709,PO79430757675,SE-84-784-489-805/440,07-04-2020,mobile,firefox
C00049,Miriam,Paul,6238496852,Guildford,CLGDT2558Q,12-03-1986,431250566285,Research scientist (medical),bethtaylor@example.org,SKQ1582779,,SZ91158480405,XZ-78-951-727-358/677,19-11-2018,mobile,chrome
C00050,Echo,Mclaughlin,8224542911,Saarlouis,KVFFV4437S,04-08-1954,665152901266,English as a second language teacher,patrick20@example.org,,V4030527,AD39121544171,,24-12-2019,mobile,opera
C00051,Sophia,Walls,6628272789,Pamplona,SWDGO9201Q,26-05-1947,123677792285,Passenger transport manager,ryanbaker@example.org,,H8915353,,,20-09-2019,desktop,opera
C00052,Cruz,Morin,9135832656,Hattian Bala,CWCYB5386U,16-10-1993,160321486777,Data scientist,ubush@example.com,,M8348916,GY06512596225,TD-17-912-446-979/067,25-11-2018,mobile,firefox
C00053,Rudyard,Pugh,7656797429,Kamarhati,AJCLQ1492J,05-01-1975,406616897876,Actuary,ewashington@example.net,,,UT44332388452,BF-48-883-744-481/766,12-09-2018,mobile,opera
C00054,Beverly,Shields,6636526823,El Tambo,UNYLI9914H,03-02-1972,905977713944,Public relations officer,lori85@example.net,,B8613189,,LB-83-743-137-542/581,22-10-2020,mobile,opera
C00055,Tarik,Barr,8942634329,Kaliningrad,TYMXX0476O,30-08-1996,723856690635,Tourism officer,nsanchez@example.org,REB9360421,E2058749,WG92669335569,,14-08-2020,mobile,edge
C00056,Keane,Pollard,7872845258,Gillette,GGEPN6334Z,18-09-1990,030731348590,Chartered legal executive (England and Wales),hansenpatricia@example.net,ICN6913242,E6515439,IX48910303953,,09-08-2019,desktop,opera
C00057,Harrison,Cortez,8464328855,Wellingborough,BCYEB8496Q,21-06-1980,079817015419,"Therapist, art",garrettcampbell@example.net,MSG1653209,T7364057,GF52362123439,DA-33-407-438-881/214,07-05-2018,mobile,firefox
C00058,Whoopi,Dixon,8738778585,Vienna,JXVKA6714D,16-04-1964,024555789157,Diplomatic Services operational officer,yphillips@example.net,,E5838145,,SG-64-136-518-844/785,25-04-2018,mobile,opera
C00059,Aurora,Fleming,7326253474,Solihull,JNYEC4439V,21-01-1946,823869683217,"Conservator, furniture",jessica54@example.org,,P7624656,,,26-05-2018,desktop,chrome
C00060,Yuli,Gibson,6348464358,Silvassa,HNALC3621J,08-10-1979,002140297703,Magazine features editor,zowen@example.org,,S5873059,YN68442705803,,22-11-2020,mobile,opera
C00061,Jesse,Robertson,6321868582,Santa Maria a Monte,OYOOM3600C,06-12-1942,230498447700,Mining engineer,qgonzalez@example.org,XIM3688196,X6913234,,,15-08-2019,mobile,chrome
C00062,Connor,Moody,9383464292,Draguignan,GLJYC0251Q,15-08-1946,110671256668,Software engineer,jasonbryant@example.org,,A4484381,,,28-05-2020,mobile,chrome
C00063,Britanni,Hunter,8418834757,Burns Lake,PVTIC2239W,08-12-1979,361475010978,"Scientist, product/process development",michael24@example.com,BUC6754470,F1727446,QY07716475581,IM-92-657-536-375/713,26-09-2018,desktop,opera
C00064,Maris,Callahan,7677127846,Traun,OBIBX3574L,18-02-1948,834360602476,Emergency planning/management officer,matthew95@example.net,,,,YO-86-400-411-877/202,02-09-2020,mobile,opera
C00065,Chester,Fox,8522246437,Tranås,APYVG6538F,11-07-1946,194816740627,Ophthalmologist,cgaines@example.org,QBK3563467,,,,27-10-2019,desktop,opera
C00066,Mikayla,Dean,9454148947,Burin,NWTZM8930G,09-05-2002,808772859690,Youth worker,joshuawalker@example.com,,,FM33614999304,,21-08-2019,mobile,opera
C00067,Zachary,Morin,9238661917,Gijón,NUWEC2860X,15-02-1977,215924214071,Dance movement psychotherapist,ringram@example.net,GKC9736774,,HT28675474648,DZ-45-535-038-829/980,29-03-2019,mobile,edge
C00068,Harding,Logan,7688668553,Sart-Eustache,JPUXR9642G,07-05-1945,226499203173,Water engineer,turnerkayla@example.net,IBM3331494,,,CN-20-805-983-487/104,09-07-2020,desktop,opera
C00069,Madeson,Petersen,6856817653,Söke,DNWXR2164K,03-03-1991,926093610550,Public relations officer,allentabitha@example.net,,F4363316,,,18-08-2018,mobile,edge
C00070,Imelda,Kerr,6846442877,Chełm,SSTDJ4134L,01-11-1979,701720724144,Hydrogeologist,hendersonamanda@example.net,,S1018591,,,06-08-2020,mobile,chrome
C00071,Lani,Mcdaniel,8331379516,Belfast,TMKCE7203L,30-03-1974,006531296614,Chief Executive Officer,nicolemoore@example.com,,U0115008,,,23-10-2019,mobile,edge
C00072,Vernon,Noble,8254284461,Dublin,KLOIH5582D,05-04-1967,607262888255,Systems analyst,kcoleman@example.org,SFS6355897,,,,14-07-2018,mobile,firefox
C00073,Tate,Sears,7832483615,Ivano-Frankivsk,ELNSD3530L,12-07-1945,360935196870,Astronomer,webbthomas@example.org,,,,,12-01-2019,mobile,edge
C00074,Kylan,Mooney,6275687735,San Vicente del Caguán,AAKHL3642U,16-02-1950,792177832351,Occupational psychologist,ldaniels@example.com,UNB7435933,N8352477,,OT-25-461-926-208/552,19-12-2019,desktop,firefox
C00075,Nina,Barrett,9873349823,Córdoba,CCBAF1541F,05-01-2001,279937416427,Patent attorney,drose@example.org,,U5579582,,,30-05-2018,desktop,opera
C00076,Nina,Cotton,9977743279,Berdychiv,MHFAK4278O,24-03-1942,691484219181,Warehouse manager,brianabarker@example.com,WCW8845369,Y9224410,ZQ82465962483,IA-41-028-409-825/648,27-07-2019,desktop,chrome
C00077,Sasha,Hatfield,6398338822,Bukit Batok,BBIYD7636S,12-07-1956,782862700026,Fish farm manager,shawnholmes@example.net,HWM8994655,,,,11-03-2019,mobile,opera
C00078,Judah,Simon,9295682526,Galway,IHWHR6417E,12-05-1989,903022383781,Health physicist,dereklee@example.com,SSB8166186,,,,11-07-2020,mobile,opera
C00079,Lacy,Hunter,9616269844,Lugo,IPNJF9444F,02-07-1954,427737270114,Press sub,monica26@example.net,,,YF04202170806,,04-11-2020,desktop,firefox
C00080,Bo,Malone,8518493487,Uddevalla,TDZUE5392A,08-07-1960,077902641373,"Psychologist, forensic",monteschristopher@example.org,YFT8637984,B8825577,EC18371857490,,14-06-2020,mobile,opera
C00081,Kennan,Bauer,6785894724,Shaanxi,HFXSV4387P,17-11-1997,791922739557,Exhibition designer,hbartlett@example.org,,,,,03-02-2021,desktop,firefox
C00082,Gemma,Bauer,6388433324,Pachuca,UVYAW2034M,03-11-1946,447730773349,Clothing/textile technologist,martin45@example.com,EPN0915475,L5045769,,VG-43-278-084-854/431,09-08-2020,desktop,edge
C00083,Jade,Landry,8214373384,Okpoko,WMDKL9520T,03-01-1968,966342651092,Telecommunications researcher,zhudson@example.org,RLK7719581,N7962446,,,31-01-2019,desktop,edge
C00084,Kyra,Byers,7782145931,Torres del Paine,BORVE4953E,28-01-1963,098011035140,Solicitor,odonnellgloria@example.net,OTU3641026,K6756703,EB01593544674,HA-85-688-510-049/942,29-03-2019,desktop,edge
C00085,Indigo,Barrera,6684258575,Seogwipo,TLGYI7176M,05-06-1954,699172231764,Analytical chemist,edwardburton@example.net,YPI1869008,M9745163,CK11053822778,GG-98-006-689-553/899,02-09-2019,desktop,chrome
C00086,Haviva,Kidd,6269718923,Kuruman,IAZAG7697T,19-05-1984,021890307899,"Research officer, trade union",jonathan06@example.com,,,,,17-01-2019,desktop,firefox
C00087,Yoshio,Huber,6839344765,Alajuela,ZFWPH6315J,12-02-1978,919227092085,Podiatrist,lawrence53@example.org,,B4605496,VG38931615574,,09-03-2019,desktop,opera
C00088,Emma,Kennedy,8175941338,East Jakarta,ETVHR9955F,03-03-1980,115633318787,Armed forces logistics/support/administrative officer,jessephillips@example.com,LWS7245608,E9575894,,KL-56-793-870-340/283,21-09-2019,mobile,firefox
C00089,Channing,Callahan,8218352824,Bima,IYKXV9337L,08-05-1967,100703768595,Lawyer,brivera@example.net,FUB6910577,,JQ79509881170,,15-07-2020,desktop,firefox
C00090,Phyllis,Edwards,7422362555,Bagh,MWDBF4297R,16-10-2001,845500100133,"Administrator, Civil Service",daughertyjacob@example.org,UGK1528927,K3006503,,BV-11-048-165-076/735,28-06-2019,desktop,opera
C00091,Jorden,Miller,6255238167,Tumba,JCDUM2521W,14-11-1951,150645126778,Wellsite geologist,ronald70@example.net,,,,PY-88-915-044-831/272,25-10-2018,mobile,chrome
C00092,Guy,Mathis,9982777633,Mo i Rana,EAVCH3837H,10-11-2001,489249861881,"Nurse, children's",yvega@example.org,,,KF90556330869,LM-95-305-890-067/744,15-04-2019,desktop,edge
C00093,Ian,Sandoval,8542477241,Trivandrum,OVFNF5848J,11-09-1962,682102011992,"Psychologist, forensic",james60@example.net,,U6203911,,,22-06-2020,desktop,edge
C00094,Hasad,Kaufman,6899294651,Castelvetere in Val Fortore,KRGRC5156M,04-10-1985,980057455375,"Lighting technician, broadcasting/film/video",ychambers@example.com,,,,,22-10-2020,desktop,firefox
C00095,William,Stuart,7244255322,Drammen,FVSQC2275A,20-09-1969,782318898124,Print production planner,david73@example.net,MBE1100411,L0644090,,,29-03-2018,mobile,opera
C00096,Jakeem,Langley,7365436479,Limón (Puerto Limón],HBPNP5795Z,29-02-1992,744646719390,Town planner,susan83@example.com,NWE7944798,H4288241,HF87876482524,,25-11-2018,mobile,chrome
C00097,Chase,Schroeder,8551518959,Bạc Liêu,OWXSF4105H,18-01-1952,735307574151,Leisure centre manager,natalie66@example.org,,T8340149,,XI-97-738-865-062/536,19-02-2020,desktop,opera
C00098,Jacqueline,Nguyen,9994266318,Iguala,JJHJE8518P,22-02-1998,110869548236,"Scientist, research (physical sciences)",melissagarcia@example.org,GIS7178249,L8566351,,,03-10-2019,desktop,opera
C00099,Graiden,Leach,6242686783,Bajaur Agency,HNGNZ6331A,20-02-2001,206676925816,"Surveyor, building",sarah55@example.net,,Y4013366,YU07707235378,,07-02-2019,mobile,opera
C00100,Vivien,Jones,9553474992,Shillong,LOFKU3368J,15-08-1976,500681906710,Barista,cynthiamurphy@example.net,OPF0806263,C6870989,,GS-53-503-866-688/941,20-09-2020,desktop,opera
C00101,Boris,Conner,8569456237,Ashburton,XBAHG7781I,01-12-1991,584445818499,Forest/woodland manager,bserrano@example.net,RES7649469,,,HN-03-007-372-223/628,30-10-2020,mobile,firefox
C00102,Germane,Cain,8561337175,Graz,DFBOI9980F,21-06-1956,074924091580,Clinical research associate,jose63@example.org,DNP7953669,,,,22-03-2018,desktop,chrome
C00103,Gregory,Clay,6839741253,Southern Islands,PBRIC3513O,09-09-1992,929653761121,Hospital pharmacist,aliceboyd@example.com,TPL0429949,G9418948,,,23-01-2020,mobile,firefox
C00104,Kameko,Sharp,6148975357,Cartagena,ANKIK5180V,28-07-1996,382307899546,Mining engineer,bscott@example.org,,T8586755,,CS-71-297-351-241/527,20-10-2019,mobile,chrome
C00105,Ciaran,Benjamin,6269727642,Otukpo,JWAVU1519C,30-05-1993,641432821422,Field seismologist,odgbf389@example.net,VHD4355052,N8093243,BS13555248381,KP-38-933-275-120/845,25-08-2019,mobile,chrome
C00106,Jade,Donovan,7419482288,Puerto Princesa,FTTIM6331U,15-03-1942,447669103558,Economist,barberjames@example.com,,,,QT-56-295-946-087/385,14-03-2019,desktop,chrome
C00107,Jocelyn,Lara,7852312563,Walhain-Saint-Paul,VIBIB3577E,21-06-2001,982627536670,Petroleum engineer,dayala@example.org,EMW2923411,,,CZ-79-307-665-616/605,18-12-2020,desktop,opera
C00108,Allen,Owens,9443345753,Kruibeke,BVMZN3864N,13-11-1980,303024244400,"Engineer, communications",williamsshane@example.net,,A8181736,ZL57016810040,ZW-99-004-050-371/049,08-06-2020,mobile,edge
C00109,Colton,Yates,8783255872,Donosti,PVCHX5037N,22-12-1945,264495985637,"Clinical scientist, histocompatibility and immunogenetics",gregorywest@example.com,,U6082467,,,11-07-2020,desktop,opera
C00110,Chancellor,Gomez,7421883431,Sanzeno,EYHBA9388O,18-09-1952,408691815304,"Editor, magazine features",mary37@example.com,,,EV82800908812,,14-09-2020,desktop,opera
C00111,Allistair,Buckley,6765395346,Moss,PPFQT5026I,10-08-1958,739488207029,Futures trader,tylersarah@example.org,,P3390958,NB30953656626,,04-12-2019,mobile,firefox
C00112,Alika,Fleming,8366725462,Pınarbaşı,HCLKG6779T,16-02-1948,010838980680,"Surveyor, planning and development",adamlambert@example.net,,,CW65468649287,,13-07-2019,mobile,chrome
C00113,Graham,Ford,9444974817,Thatta,QSJAA0491A,27-09-1957,158683725532,Accommodation manager,luke05@example.org,EWZ1353881,,,RJ-76-131-549-803/670,10-07-2019,mobile,edge
C00114,Brian,Deleon,9137552154,Stalowa Wola,JSGFE0593H,21-09-2003,360880680305,Quarry manager,cookmichael@example.com,ZYS9779050,F7311539,,RU-33-877-678-013/240,05-11-2019,mobile,firefox
C00115,Mara,Gardner,7774475376,Palma de Mallorca,KLLSO2283S,06-05-1944,860765104581,Immunologist,cheryl30@example.net,,,,,02-11-2018,desktop,edge
C00116,Clarke,Freeman,8737429466,Konin,TTCDC6579H,24-03-1950,402505159334,Health physicist,brianwhite@example.com,,W3057700,UD69036268440,AW-14-253-253-200/423,27-04-2019,desktop,chrome
C00117,Merrill,Daniel,8317117272,Bajaur Agency,SNJDA2043V,05-05-2003,592605460354,"Production assistant, television",wongleah@example.com,,,,,04-10-2019,mobile,edge
C00118,Chastity,Lindsay,6754327592,Chiclayo,DAUFK9417P,12-11-1964,660886340083,English as a second language teacher,laurengolden@example.com,,,,WS-29-821-558-900/570,17-02-2020,desktop,firefox
C00119,Amir,Lawrence,9187155358,Kraków,JSRGQ7577G,18-10-1980,629977716796,Amenity horticulturist,jeremiahrobinson@example.net,,K2067019,TW24251556723,TF-21-382-452-107/907,30-03-2018,desktop,opera
C00120,Denise,Wynn,9518744654,Clementi,VTZWQ3681C,25-08-1962,785043426646,Scientific laboratory technician,tboone@example.org,MDO6729082,I8732544,EM75720964120,,13-06-2020,desktop,firefox
C00121,Simone,Moreno,6828488388,Jagersfontein,CRTTS8376O,30-05-1991,829758581068,Actor,gonzaleskathryn@example.org,,K8367407,,DS-68-014-642-997/563,03-07-2019,mobile,opera
C00122,Imogene,Kirby,6858143575,Częstochowa,IEXBC8034P,11-07-1971,632488971789,Mudlogger,harry66@example.net,WFV5783240,C7721252,,,01-05-2020,desktop,chrome
C00123,Todd,Clay,9798633497,Hainan,ZJNDH3307C,07-11-1956,668560645416,"Investment banker, corporate",kimberly02@example.net,KQI6473687,P8800392,AD09231616163,,04-12-2018,mobile,chrome
C00124,Hillary,Goodwin,8146834782,Çaldıran,BALNB1597J,08-03-2000,681529161966,Paediatric nurse,danielle87@example.com,OQG5353920,,,LQ-65-687-818-204/929,28-12-2019,mobile,firefox
C00125,Erasmus,Crosby,8856552216,Rahimyar Khan,WLATZ5641B,16-11-1995,259948451273,"Journalist, broadcasting",zamoradaniel@example.net,PZD5833044,U8412031,,,24-04-2018,mobile,firefox
C00126,Alexa,Henderson,7652751245,Thurso,RFTKF4422Y,04-07-1948,964792719395,Chief Strategy Officer,jennifer58@example.net,EKT6667759,A9888124,ZE50378678386,VF-46-875-548-267/697,27-05-2020,mobile,firefox
C00127,Ayanna,Coffey,9388456139,St. Petersburg,DEPQH9002Z,20-04-1982,689699493120,Advice worker,bdeleon@example.com,,,,,27-03-2020,desktop,chrome
C00128,Cassidy,Grimes,7623838861,Urdaneta,UJSCT7504A,01-02-1997,707575635356,Consulting civil engineer,lisa74@example.com,,,,IZ-22-081-861-703/539,28-02-2020,desktop,edge
C00129,Austin,Delaney,6233126769,San Jose,BPMNV7638N,27-07-1965,979874799576,"Engineer, building services",michaelrichardson@example.net,LCT2867138,U3076738,,,20-09-2020,mobile,chrome
C00130,Chastity,Gibbs,7391289978,Terme,JHSXU3453A,09-01-1972,595352444074,Radio producer,ramosrebecca@example.com,VVW7206591,,EX20147109822,WH-31-869-522-134/983,26-06-2020,desktop,firefox
C00131,Burton,Mejia,9436845549,Göksun,QHIBU4455A,19-12-1946,714285220293,Transport planner,baxterjoshua@example.com,OVC8524793,B6508297,,MY-20-045-190-577/217,26-09-2018,mobile,chrome
C00132,Marshall,Gates,9512952488,Trujillo,JMBWZ7756K,09-04-1969,467165621552,Merchant navy officer,ibraun@example.net,IGE2345751,,ZR66447468240,NA-37-794-640-896/676,12-12-2020,desktop,edge
C00133,Alden,Potter,8715743257,Pisa,KSCRB7163X,15-09-1976,181978570949,Financial controller,christine05@example.org,UBO6459763,W3886046,QI29769227397,PH-18-602-097-386/440,03-09-2018,mobile,chrome
C00134,Rudyard,Alvarez,7394397276,Coevorden,GQNJI5292A,20-02-1975,369658769025,Tour manager,stacey10@example.net,,,,,14-10-2018,desktop,firefox
C00135,Gannon,Odom,9459257299,Ong,XRLKH8865C,21-02-1988,258014787910,Graphic designer,wallen@example.net,,Y4652710,IA18219843300,NE-70-217-706-223/993,01-04-2018,mobile,edge
C00136,Eagan,Ballard,8619328283,Kirov,WWXKV6681Z,20-05-1982,235110205982,"Administrator, local government",williamhardy@example.net,GLP3461771,N4483787,,AT-66-011-446-755/144,05-06-2018,desktop,opera
C00137,Hanae,Shepherd,6468716325,Sunderland,TYQSP5643D,02-08-1947,357231327360,Therapeutic radiographer,christopheredwards@example.net,,,,UW-66-412-405-096/327,08-06-2020,desktop,opera
C00138,Uriel,Cote,6985565623,Motueka,SKPYE3104Y,12-12-1981,086400757930,Field seismologist,twise@example.net,MLA4187674,S3413394,RE15981050098,,12-06-2020,desktop,opera
C00139,Cooper,Best,9484533224,Uddevalla,EAJRJ5759A,07-01-1953,989080614833,Dispensing optician,christophercole@example.net,AJT1670112,,,MZ-04-120-868-354/236,18-11-2020,mobile,edge
C00140,Rashad,Coleman,6897955658,Putre,RNSIB4955W,06-04-1942,715541396978,Financial planner,jason08@example.net,,,,,04-10-2018,desktop,firefox
C00141,Clark,Kline,7531577826,Weymouth,CMMQH4704F,15-02-1943,929101173260,"Solicitor, Scotland",courtney81@example.com,ZEC6022602,,KZ06436639594,,25-07-2018,mobile,edge
C00142,Teegan,Ayala,6867658822,Newtown,RAFGL4459P,07-02-1948,745568704876,Environmental education officer,ashleyandrew@example.net,,H7619854,HD75494166464,,14-10-2019,mobile,edge
C00143,Karina,Melendez,9743557623,Bhimber,LRUJE3277K,07-07-2003,269312790082,IT trainer,fisherlevi@example.org,,,XO64967570180,,14-08-2019,mobile,firefox
C00144,Odessa,Ewing,8826997272,Tuyên Quang,XZOAJ1844D,07-09-1974,638462126140,"Geologist, wellsite",jennifer69@example.net,FQK7089185,,SB04595283672,,25-08-2019,desktop,chrome
C00145,Daquan,Ferguson,7278232386,Lebach,PFOGC8626J,04-06-1999,647424671244,Building surveyor,tracymueller@example.com,SZR6609037,S0552298,,US-47-267-434-196/186,12-11-2018,desktop,firefox
C00146,Jane,Montoya,6467154268,Dangjin,CBWGD1952V,08-06-1970,199345846093,Merchant navy officer,brandonbradford@example.net,,D8742335,,,27-02-2019,desktop,opera
C00147,Odette,Cross,6455635288,Biała Podlaska,TPRBX7958F,18-06-1949,856652166905,Learning mentor,daniellechapman@example.net,,H2123130,,,19-12-2018,desktop,edge
C00148,Camilla,Vang,9914811731,Koekelberg,QAEGP3775D,05-09-1989,609885487591,Arboriculturist,catherinetownsend@example.net,FZQ0449633,M4872149,,GY-26-479-694-363/875,04-09-2020,desktop,firefox
C00149,Desirae,Whitaker,6681124757,Penicuik,ZKRCV7058T,24-02-1983,174856843033,Call centre manager,kiddbrendan@example.com,KML2495836,V1261373,,AJ-95-732-589-362/075,01-02-2020,mobile,chrome
C00150,Katelyn,Malone,9455873878,Kozhikode,ZVGRP6791Q,26-08-1942,183692590395,"Optician, dispensing",susancoleman@example.net,GRI8112481,Z1559899,HW62090255974,,30-04-2018,mobile,edge
C00151,Sara,Williamson,9877424535,Montreuil,ZQADG3041X,17-02-1961,674139877723,Printmaker,mark85@example.com,,,,KS-99-087-802-883/219,19-07-2019,mobile,chrome
C00152,Sigourney,Mosley,6339935465,Jeju,IEMKS4371P,21-01-1949,867703806472,Data processing manager,jamesgarcia@example.org,GXH2170963,E7706036,MI75983142519,,24-10-2018,desktop,firefox
C00153,Colin,Stokes,8835833884,Iquitos,FGMMF6853S,05-12-1959,985103703236,Chartered accountant,wyatt86@example.org,YXJ5126712,,,,28-09-2019,mobile,opera
C00154,Lee,Galloway,8655688363,Thanh Nê,JTEOL4064I,29-04-1964,926193380317,Herpetologist,robertarroyo@example.net,,A7612614,,,07-06-2019,mobile,opera
C00155,Kiayada,Knight,6496654383,Woking,AENFP3274Y,27-11-1944,799376159724,"Radiographer, therapeutic",carrkristine@example.org,SVG0782195,,PB28956615591,CU-15-863-590-914/529,03-10-2019,mobile,chrome
C00156,Kelsey,Boyd,8246291726,Trollhättan,UWMKG8970Y,25-02-1982,391136055082,"Accountant, chartered management",tylerschroeder@example.net,,U8885283,BX25021305880,,15-08-2019,mobile,chrome
C00157,Seth,Sanford,9666473772,Pleiku,JPBYE6147P,24-03-1993,757512104332,Retail manager,heatherhudson@example.net,,B6333581,CG61573262851,FL-24-918-608-498/199,19-02-2020,desktop,opera
C00158,Dieter,Whitehead,8852483664,Pamplona,ZRYKM8060C,22-07-1950,718871920220,"Buyer, retail",ariel54@example.com,DHW6144233,L2623488,,,09-12-2019,desktop,firefox
C00159,Erich,Marshall,9768843715,Alphen aan den Rijn,CADAZ5271K,07-02-1957,626794726518,Dentist,rmack@example.net,,,,SM-16-504-428-427/845,18-07-2020,desktop,opera
C00160,Renee,Vinson,9939564984,Lelystad,HHHSJ3645B,11-01-1960,964566776661,Textile designer,oanderson@example.net,,,,,23-01-2019,desktop,edge
C00161,Holly,Ellis,9529494486,Castelló,TJDVP1819Y,04-10-1985,687406292924,Human resources officer,kbutler@example.com,,,GK25563615566,SX-11-567-994-863/573,06-10-2019,mobile,opera
C00162,Xander,Parker,7539851237,Polokwane,XJFBN5306P,30-04-1986,888492895694,Advertising account planner,robert71@example.com,,,GA21103149807,,12-08-2019,desktop,firefox
C00163,Kaseem,Garcia,9274865242,Olsztyn,XFFFY3823W,26-05-1992,370518589479,"Engineer, electronics",jerryedwards@example.org,VUW9216696,F4062215,,ML-26-794-235-922/704,15-04-2020,desktop,edge
C00164,Shay,Yang,7272576462,Jurong East,OHMWP6915S,09-11-1972,403786649902,Video editor,cyoung@example.org,,,,SS-33-019-481-809/565,12-02-2020,mobile,chrome
C00165,Jelani,Mcmillan,8454477494,Guizhou,KTSVE7289G,07-05-1978,616912215633,Biomedical engineer,kylewilson@example.net,IJE0546165,,QI72550445309,,31-05-2018,desktop,opera
C00166,Velma,Gamble,6836479872,Oliver,ORCXR1252Z,13-08-1987,524606177744,"Conservator, furniture",sharon50@example.com,,X9803639,,,22-03-2019,mobile,chrome
C00167,Scarlett,Wolf,8649338665,Caloundra,WBGPG0633Y,28-01-1986,743166446718,Acupuncturist,andersondavid@example.net,RWD3863273,W5226116,FP09599778375,BB-85-643-717-903/776,19-07-2019,desktop,chrome
C00168,Jordan,Bird,7766333252,Anhui,MSIYJ9309S,21-04-1977,327517962633,Multimedia programmer,ljohnson@example.com,XAY1534020,L1968245,,CK-25-650-246-238/153,25-12-2020,desktop,edge
C00169,Sarah,Kramer,6997551575,Afşin,EXQJP4096A,13-08-1954,251599005423,Publishing copy,melissaduncan@example.com,ALP3306348,F3543903,MT70929719426,ME-63-700-709-329/385,19-05-2019,mobile,edge
C00170,Rose,Houston,6826244159,Parral,VEXZM1295W,31-05-1959,538514323417,Product manager,pricevalerie@example.org,DUW1232238,T4753272,,,26-11-2018,mobile,edge
C00171,Colt,Landry,8461541446,Valparaíso de Goiás,XLJXK4337G,21-01-1959,300355127209,Management consultant,kevinlarson@example.org,,T4449695,TM68403110753,RY-76-499-626-307/364,16-10-2018,desktop,chrome
C00172,Bradley,Golden,7552822658,Đồng Xoài,TJIKG1272R,30-07-1962,263014096172,"Teacher, early years/pre",anthony83@example.com,HCK2930211,,,CA-16-003-439-718/548,11-02-2021,desktop,edge
C00173,Rose,Sawyer,9775296171,Ivanovo,TSATU8175C,03-06-1977,967554896628,Automotive engineer,patrickmoody@example.net,CLJ8381953,,,QS-33-800-163-472/025,04-11-2019,mobile,chrome
C00174,Burke,Mason,7144388743,Aparecida de Goiânia,LELMR2907S,04-12-1958,705989108929,Osteopath,torresvincent@example.org,AKC0517238,S0185824,,AT-52-870-671-527/321,23-05-2019,desktop,edge
C00175,Cody,Curry,6888133444,Novgorod,IABDE1859N,27-09-2003,847408268700,"Engineer, aeronautical",lmcneil@example.com,,D8235455,NG42069662734,QB-00-162-791-118/363,01-02-2020,desktop,edge
C00176,Sybill,Strong,6643144247,Haveli,DUJPF5555B,25-11-2001,891194811526,Multimedia programmer,erica59@example.org,NMX0677710,,QQ16494836510,,12-05-2019,desktop,opera
C00177,Edward,Byers,6725474984,San Pedro,ZKONS9599I,10-05-1949,240196493429,Conference centre manager,kimberly63@example.com,ZNQ2313820,J0784412,,,10-10-2018,mobile,opera
C00178,Minerva,Chavez,9765589326,King William's Town,QSLRQ0563E,29-09-1958,638755361515,Television production assistant,wmacias@example.net,,,,,31-01-2021,mobile,opera
C00179,Tamekah,Mathews,9585334687,Leirvik,JFCAC3881J,27-06-1953,726232628734,Pension scheme manager,thill@example.com,,L4797424,,,12-02-2019,mobile,firefox
C00180,Madeline,Mckay,9494683285,Mjölby,JMGML3826Z,07-07-1967,801496234217,"Designer, jewellery",wpeterson@example.com,,,GL05839147341,ZP-70-156-698-160/487,26-05-2018,desktop,edge
C00181,Carter,Foley,8325472585,Cereté,MBILZ9036V,22-04-1977,509977132947,Counsellor,randall31@example.org,RIA3801103,H5713746,,,21-10-2020,desktop,chrome
C00182,Alden,O'donnell,7392636766,Huppaye,DDJFE6089Z,09-11-1995,474279091333,"Teacher, English as a foreign language",freemanjoanna@example.org,,,DL22512861044,,24-07-2019,desktop,edge
C00183,Heidi,Berry,9789767246,Guápiles,XITJK4608Z,02-05-2004,851629393398,Building surveyor,aschaefer@example.net,,,LD56776657344,TU-35-639-220-016/888,13-04-2020,desktop,opera
C00184,Beau,Hooper,6387354443,Papasidero,IOXKX4463U,24-10-1951,445559376933,"Optician, dispensing",jenniferking@example.com,,U8053578,,,20-04-2020,mobile,firefox
C00185,Lance,Molina,8539893412,Częstochowa,YVGMS0754I,20-01-2002,628981416796,Science writer,perrymary@example.com,KBU2669651,,,NA-35-608-349-951/370,13-12-2019,mobile,firefox
C00186,Adam,Phillips,8575632864,Argyle,GQOHM0941E,09-02-1959,549514205771,Solicitor,julianfarrell@example.com,,,,,02-04-2018,mobile,firefox
C00187,Kasimir,Morrow,7364846145,Blenheim,TWNGR4471X,04-10-1944,487568423993,Public affairs consultant,gregoryadkins@example.net,NDY7487960,,DA92541102061,UK-25-052-902-079/104,09-03-2020,desktop,edge
C00188,Kermit,Goodman,8237824832,Mường Lay,JSDWH9115T,08-04-1962,151087755915,Mental health nurse,powelldarryl@example.org,YOL4639899,,,,03-01-2021,desktop,firefox
C00189,Cruz,Melendez,8553347758,Houthalen-Helchteren,QWMBD6493G,29-01-1986,781379397099,Chemical engineer,gabrielle30@example.org,MUS9968849,T0384553,XX55847237680,,13-12-2020,mobile,edge
C00190,Ciara,Sharp,8231565352,Galway,YNZRN5508V,20-08-1967,020851874512,Engineering geologist,andreawilliams@example.org,CXW6132064,,WN35003080011,HF-86-068-061-264/515,11-06-2018,mobile,edge
C00191,Seth,Adams,9534613652,Huesca,HNNUU9071O,12-10-1956,558131584151,Careers information officer,xjuarez@example.net,OGD7998875,U2026408,DU15307679741,,24-04-2018,mobile,edge
C00192,Jada,Osborn,8573635985,Arbroath,FYWOY9124K,25-01-1949,726737006602,Oncologist,samanthadean@example.net,,K2249917,,LD-17-127-569-300/721,20-05-2018,desktop,opera
C00193,Cailin,Stokes,7476754743,San Andrés,HUPDS1863D,14-12-1972,412626803610,"Psychologist, forensic",jessicabeck@example.net,GXP9267286,,TO49015073415,,14-10-2018,desktop,chrome
C00194,Dominique,Kaufman,8345682584,Fresia,EZCRK5559Y,07-02-1949,729518941952,"Optician, dispensing",tgibbs@example.net,,W1752161,VH40395779605,,06-07-2020,mobile,edge
C00195,Ori,Zamora,7857653286,Dessau,KNAUA6374E,23-03-1997,462471529157,"Engineer, manufacturing systems",jsalazar@example.org,,O9471683,,WN-77-953-507-059/243,11-03-2019,desktop,firefox
C00196,Samantha,Haley,8754414647,Ránquil,NZPHY5273B,18-11-1958,015963769565,Pension scheme manager,nrios@example.com,,,JF98776760879,,26-11-2020,desktop,firefox
C00197,Jessica,Mendez,7643497277,Koszalin,DKEYE3597N,14-12-1962,446550094656,Police officer,turnerlaura@example.org,,S3101768,GF98752792909,,09-04-2018,mobile,opera
C00198,Giselle,Hurley,7778694687,Bridgeport,ZUYSY4195Z,18-09-1998,293909205854,"Geologist, wellsite",susan42@example.net,,,QA65933819069,,22-09-2018,mobile,edge
C00199,Philip,Smith,6785364428,Balfour,KYPPM5180J,14-02-1961,576254626187,Jewellery designer,calebgonzales@example.net,,,SR79242701441,,28-07-2020,mobile,edge
C00200,Mikayla,Wall,8582654732,Novgorod,GYJNG0248A,09-10-1986,668150940957,Software engineer,mccannmark@example.org,NSN7736506,,,,26-10-2020,desktop,firefox
